No.,논문명,저자명,발행기관명,간행물명,권,호,발행년도,ISSN,국문초록,영문초록,키워드,페이지,URL
1,2007년 공적 연금 개혁의 적정성 전망과 평가 -Dynamic Micro-Simulation을 통한 장기 분석-,"권혁진 ( Hyuk Jin Kwon ) , 신우진 ( Woo Jin Shin ) , 한재명 ( Jae Myung Han ) , 정동진 ( Dong Jin Jung ) , 류재린 ( Jae Rin Ryu ) , 박충렬 ( Chung Ryeol Park ) , 김균 ( Kyun Kim )",한국사회보장학회,사회보장연구,29,4,2013,1225-5866,"본 연구에서는 한국의 경제·사회에 대한 미시 모의실험 모형인 MMESP(Micro-simulation Model for Economic and Social Policy in Korea, version 1.0)를 개발하고, 이를 이용하여 2007년 연금 개혁의 핵심 내용인 소득대체율의 점진적 인하에 따른 정책 효과를 분석하였다. 그 결과, 일차적으로 소득대체율의 인하가 연금의 지속가능성은 향상시키지만, 적정성을 축소시키는 것을 구체적으로 확인하였다. 동시에 그 영향이 세대와 소득수준에 따라 어떻게 나타나는지를 검토한 결과, 소득대체율은 저소득계층일수록 상대적으로 더 크게 하락할 것으로 전망되었다. 또한 공적 연금이 노인 빈곤에 미치는 영향은 지속적으로 커질 것이며, 동 개혁으로 인해 세대 간 재분배 효과는 축소될 것으로 보인다. 마지막으로 저소득계층 일수록, 그리고 후세대일수록 2007년 개혁에 따른 부담은 상대적으로 더 큰것으로 평가된다.","This study developed a micro-simulation model, MMESP (Micro-simulation Model for Economic and Social Policy in Korea, ver. 1.0) to project long term policy effects of the gradual reduction of income replacement rates which was a core measure of the 2007 National Pension System reform. As it was expected, we found that although the income replacement rate reduction improves the sustainability of the public pension fund, it also deteriorates the adequacy of the pension. We also found that this reform has relatively bad effects to low income classes, i.e, making them worse off; that elder generation`s poverty problem becomes worse than before; that redistribution effects of public pension in/between generations become worse, compared to the without-reform case; and that burdens both of low income classes and late-comer generations are expected to be heavier than before.","동태적 미시 모의실험, 국민연금개혁, 노인빈곤, 연금적정성, Dynamic Micro-simulation model, National Pension Scheme reform, the elderly poverty, Adequacy",1 ~ 54,http://kiss.kstudy.com/search/detail_page.asp?key=3179981
2,"한국의 재정복지와 ""근로소득세 면세점 제도""에 관한 연구",김도균 ( Do Kyun Kim ),한국사회보장학회,사회보장연구,29,4,2013,1225-5866,"이 글의 목적은 한국의 시민권의 성격을 조세정책의 측면에서 설명하는 것이다. 첫째, 이 글은 기존의 시민권 이론을 T.H.마샬(Marshall)의 시민권 이론과 C.틸리(Tilly)의 시민권 이론으로 구분한 후, 한국의 국가-시민 관계는 국가형성과 시민권의 관계를 강조하는 틸리의 시민권 이론을 통해 보다 잘 이해할 수 있다고 주장한다. 이를 바탕으로 한국에서 시민권의 제도적 토대를 분석하기 위해서는 사회정책 중심의 논의에서 벗어나 조세정책의 성격을 분석할 필요가 있음을 강조한다. 둘째, 이 글은 한국 조세제도의 중요한 특징으로 ‘근로소득세 면세점 제도’를 강조한다. 그 동안 한국은 근로소득공제나 인적공제, 특별공제 등 ‘근로소득세 면세점 제도’를 통해 근로소득세 실효세율을 상대적으로 낮게 유지해 왔다. 그런데 ‘근로소득세 면세점 제도’는 조세지출 개념으로는 잘 파악되지 않기 때문에 그 동안 복지국가 논의에서 주목을 받지 못했다. 이 글은 조세지출과 재정복지라는 개념의 기원과 의미가 서로 상이하다는 점을 밝히고, ‘근로소득세 면세점 제도’는 조세지출보다는 재정복지라는 개념을 통해 보다 잘 이해될 수 있음을 지적한다. 결론적으로 이 글은 한국의 ‘근로소득세 면세점 제도’가 일종의 재정복지로서 시민권의 성격에 중요한 영향을 미쳤다고 주장한다.",,,55 ~ 79,http://kiss.kstudy.com/search/detail_page.asp?key=3179982
3,국민연금의 합리적 역할과 발전 과제,"김진수 ( Jin Soo Kim ) , 이윤진 ( Yoon Jin Lee )",한국사회보장학회,사회보장연구,29,4,2013,1225-5866,"우리나라는 두 차례의 국민연금 개혁 이후 많은 변화를 겪었고, 다층노후소득보장체계를 갖추게 된 현재 국민연금의 역할에 대한 해석이 더욱 중요해지고 있다. 하지만 기존의 연구는 국민연금의 근본적인 역할과 기능에 대한 논의 보다는 재정안정이나 부분적 개선에 초점을 맞춘 것들이 다수이다. 따라서 안정적인 노후소득보장체계의 발전을 위해서는 노후보장체계 내에서 국민연금의 근본적인 역할과 기능에 대한 진지한 고찰 및 제도 재구축이 필요하다. 본 연구는 문헌 연구 및 통계자료를 활용한 수리적 방법을 바탕으로 현 시점에서 기본보장으로서의 국민연금의 역할을 확인하고 향후 다른 제도와 조화를 이루면서 장기적으로 발전할 수 있는 개혁 방안을 제시하고자 한다. 이로써 국민연금을 중심으로 합리성을 지니고 건건하며 지속가능한 한국의 노후소득보장체계 구축에 기여하고자 하는 목적을 가진다. 본 연구의 결과 및 정책적 함의는 다음과 같다. 첫째, 한국의 국민연금은 노후에 대한 기초보장체계로서 사회적 합의 및 사회적 수용성을 기본 가치로 하여 여타의 노후소득보장제도와 조화를 이루어 발전하는 다층보장의 핵심체계가 되어야 한다. 둘째, 이를 위해서 국민연금의 부과대상소득의 조정을 통한 개혁 방안을 제안한다.",,"국민연금, 국민연금 개혁, 다충노후보장체계, 부과대상소득, 재정안정화",81 ~ 108,http://kiss.kstudy.com/search/detail_page.asp?key=3179983
4,남양주 희망케어센터와 경기도 무한돌봄센터의 사회복지전달체계로서의 적절성 비교,"박경숙 ( Kyung Sook Park ) , 장명숙 ( Myung Sook Chang )",한국사회보장학회,사회보장연구,29,4,2013,1225-5866,"확대되고 있는 사회복지급여와 서비스가 국민의 욕구에 맞추어 적절하게 전달되지 못하고 있는 문제가 오랫동안 공공복지전달체계의 과제로 남아있었다. 이를 해결하기 위해 여러 번 공공복지전달체계의 개편이 시도되었고 그동안 지자체 현장에서도 다양한 공공복지전달체계 개편 모형들이 시행되었다. 본 논문은 희망복지지원단의 모체라고 볼 수있는 남양주 희망케어센터와 경기도 무한돌봄센터의 적절성을 비교하고자 하였다. 각 센터의 내부종사자와 외부 협력기관의 사회복지전문가들을 대상으로 희망케어센터와 무한 돌봄센터의 적절성을 실행구조와 성과측면에서 평가하였다. 희망케어센터가 외부 협력기관 사회복지전문가들로부터 무한돌봄센터보다 대부분의 적절성 문항에서 높은 평가를 받고 있었으나 내부종사자들로부터는 자원개발, 접근성향상, 네트워킹의 필요성에 대한 인식 등에서 높은 평가를 받았다. 이 결과로부터 남양주 희망케어센터처럼 일반행정기관으로부터 독립된 조직에서 권역별로 접근성을 높이면서 자원개발과 서비스연계, 사회복지전문사례관리에 민관이 협력하여 집중하는 체제가 향후 공공복지전달체계 개편방향에 주는 시사점을 얻을 수 있다.","Inadequate delivery of the increasing social welfare benefits and services on behalf of the people`s needs has been the unsolved problem for the public social welfare delivery system for a long time. Several different pilot projects have been attempted at the level of central government and various social werlfare delivery models were newly implemented at the level of local government in order to solve the problem. This paper tries to compare adequacy of the “Hope Care Centers” in Namyangjoo Si and the “Unlimited Care Centers” in GyeongGi Do as social welfare delivery systems. Adequacy of these delivery systems was evaluated at the two different levels-operating structure and performance outcomeby the workers in the two centers and the social welfare professionals working in the other social welfare organizations in the same local areas. The “Hope Care Centers” received better evaluation than the “Unlimited Care Centers” on the most of the questions for adequacy evaluation from the social welfare professionals working in the other social welfare organizations. They also received better evaluation on the questions about resource development, accessibility and necessity of networking from the workers in the two centers. The results suggest that we need to develop the social welfare delivery system which is independent from the public administration office, is more accessible to people by setting up the frontline offices at the more local levels than county level, and provides collaborative work environment between the public and non public workers for case management, resource development and service linkage.","공공복지전달체계, 사회복지전달체계, 적절성, 남양주 희망케어센터, 경기도 무한돌봄센터, public welfare delivery system, social welfare delivery system, adequacy, the “Hope Care Centers” in Namyangjoo Si, the “Unlimited Care Centers” in GyeongGi Do",109 ~ 134,http://kiss.kstudy.com/search/detail_page.asp?key=3179984
5,국민연금(법)상 대위권제도의 특성과 정책개선 방향,신규수 ( Kyu Soo Shin ),한국사회보장학회,사회보장연구,29,4,2013,1225-5866,"국민연금법 제114조 제1항은 국민연금의 가입자가 제3자의 행위로 민법상 손해배상청구권과 국민연금법상의 장애나 유족연금의 수급권이 동시에 발생한 경우, 급여를 지급한 공단은 제3자에 대해 수급권자의 손해배상청구권을 대위할 수 있도록 규정하고 있는 바 이러한 국민연금 대위권제도와 관련한 세부규정이 미비하여 실행에 많은 어려움이 따르고 있다. 이 글에서는 국민연금법상 대위권제도의 특징을 살펴보고 대위권의 성립시기, 제3자의 범위, 행사범위, 과실상계, 대위권이 행사되는 유족의 범위, 사회보험기관간 경합과 같은 제문제점들을 분석, 타사회보험기관의 관련 이론과 판례를 통해 이의 국민연금법상 동제도에 대한 적용여부를 검토하였다.국민연금 대위권제도의 개선은 사회보험으로서의 국민연금과 중복전보를 막는 대위권이라는 제도 자체의 목적과 특성에 대한 이해를 기반으로 보다 안정적인 수급권의 확보를 위해 전체 사회보장법제체제 안에서 합목적적이고 효율적으로 세부규정 생성을 통해이루어 나아가야 할 것이다.","According to the article 114(1) of the National Pension Act, when a disability pension or survivor pension is paid because grounds for payment of the disability pension or survivor pension have risen as a result of an act committed by a third person, the NPS shall subrogate the relevant beneficiary to the third person to the extent of paid benefit. The problem is that the NPS has difficulties in practicing this subrogation right because of the lack of the detailed sub-regulations. This study is to clarify the characteristics and the problems of this NPS`s subrogation system such as the establishment time, the extent of the rights and the competition between the social institutions. and suggests some orientations of its improvement. The improvement of the NPS`s subrogation system should be reflected the characteristics of the subrogation as a liability allotting laws and NPS as social welfare institutions. Therefore subrogation is limited to the right of the beneficiary. And the system is to protect the right of the beneficiaries. and the relations among the social institutions in the process of subrogation should be regulated in social legal system for the sake of efficiency, systematization of social laws and equity.","국민연금, 대위권, 구상, 법률관계, 정책개선 원칙, National Pension, Subrogation, social welfare policy improvement",135 ~ 168,http://kiss.kstudy.com/search/detail_page.asp?key=3179985
6,다층노후소득보장제도의 유형화 및 유형별 특성의 분석 -유럽연합 국가들을 중심으로,유호선 ( Ho Sun Yoo ),한국사회보장학회,사회보장연구,29,4,2013,1225-5866,"대다수의 유럽연합 국가들은 공적연금과 사적연금으로 구성된 다층노후소득보장제도를 운영하고 있으며, 노후소득보장지출 규모는 GDP 대비 약 12%로 유사한 수준이다. 그러나 그들의 노후빈곤문제는 국가에 따라 상당히 다양하게 나타나고 있다. 그렇다면, 어떤 국가들이 적정하며 지속가능한 안정적인 노후소득보장제도를 운영하고 있는가? 이러한 문제제기 하에, 본 연구에서는 유럽연합 국가들의 노후소득보장제도를 적정성과 지속가능성을 두 축으로 하여 유형화를 수행하였다. 유형화 결과 네덜란드와 스웨덴은 급여수준이 적정하고 재정적으로 지속가능한 안정적인 노후소득보장제도를 운영하는 국가로 분석되었다. 이들은 공적연금의 기능이 강화되어 있으며, 사적연금의 성공적인 지배구조를 특징으로 하고 있다.","The purpose of this study is to suggest multi-pillar pension regimes in EU focused on adequacy and sustainability and to analyse the characteristics. Thus, first of all, previous literature is reviewed and adequacy and sustainability is defined. Then, I analyse multi-pillar pension regimes with fuzzy-set ideal type analysis. After choosing four representative states (the Netherlands, France, UK, and Greece) in each regime, the characteristics in each regime are examined. As a result, the Netherlands and Sweden are analysed as a regime having adequate and sustainable pension system. France and Germany are characterized as states having adequate and unsustainable pension system. And UK and Finland are analysed as a regime having inadequate and sustainable pension system. But Greece and Italy including southern European countries are characterized as states having inadequate and unsustainable pension system.","다층노후소득보장제도의 유형화, 적정성, 지속가능성, 노인 빈곤, multi-pillar pension regimes, adequacy, sustainability, elderly poverty, fuzzy-set ideal type analysis",169 ~ 199,http://kiss.kstudy.com/search/detail_page.asp?key=3179986
7,"참조가격제: 주요 국가의 사례 및 정책적 함의 -독일, 호주, 캐나다, 뉴질랜드, 노르웨이를 중심으로","이연주 ( Youn Joo Lee ) , 박지현 ( Ji Hyun Park ) , 신현호 ( Hyun Ho Shin ) , 고수경 ( Su Kyoung Ko )",한국사회보장학회,사회보장연구,29,4,2013,1225-5866,"우리나라에서는 지난 몇 년간 건강보험 재정안정화를 위해 다양한 정책적 변화를 시도하였으며, 이러한 약제비 규제 정책은 앞으로도 지속적으로 유지될 것으로 보인다. 참조가격제는 이미 여러 국가에서 운영되고 있는 제도 중 하나로 종종 국내 도입에 대한 논의가 이루어지는 제도 중 하나이다. 이러한 배경 하에서 본 연구는 주요국 참조가격제의 구체적인 내용을 고찰하고 이를 통해 정책적 함의를 찾고자 하였다. 각국 정부는 급격히 증가하는 약제비를 관리하기 위해 참조가격제를 도입하였고, 많은 국가에서 단기적으로 재정절감 효과를 보이기도 하였다. 하지만 재정절감에 대한 장기적인 효과에 대해서는 다른 견해가 존재하였다. 일부에서는 원하는 정책적 목적을 달성하지 못하고 참조가격제를 폐지하거나, 단순히 보험자가 부담했던 약제비의 일부가 환자에게 전가되는 현상이 나타나기도 하였다. 참조가격제의 도입이 우리나라 시장에서 어떤 방식으로 작동할 수 있을지에 대해 더많은 논의가 필요하다. 참조가격제를 포함한 새로운 약가 제도의 도입 논의에 앞서 모든 이해당사자들간에 충분한 의견 수렴과 사회적 합의를 이루어 향후 정책 결정에 고려하여야 한다.","Many cost-containment measures have been introduced in Korea to stabilize increasing pharmaceutical expenditure. Recent changes, such as a government-mandate price cut for generics and off-patent products in Korea, can be viewed as a stepping stone for a new policy such as reference pricing. The purpose of this study is to understand reference pricing in other countries and draw implication for Korea. A literature review was conducted on MEDLINE and EMBASE using ‘reference pricing’ and ‘reference price’ as keywords. We reviewed studies according to the established criteria. A hand search was conducted to include broader categories of studies and reports related to reference pricing. Reference pricing was adopted in many countries in order to control rapidly growing pharmaceutical expenditure. The system evolved differently over many years among markets depending on the healthcare system and pricing policies. In terms of market response, reference pricing had a huge impact on both the prescription behavior and price level in many countries. However, overall savings seemed to be moderate so the payers eventually came up with more comprehensive cost-containment policies either in addition to reference pricing or following the abolishment of it. Considerable portion of cost savings came from increased patient co-payments in some countries. It is unclear to tell whether the reference pricing system will be able to yield much savings to the government if it is introduced in Korea. More researches on the system`s implication to the stakeholders should be conducted to further study the effects of the system.","참조가격제, 참조가격, 약제비, 약가제도, Reference pricing, reference price, pharmaceutical expenditure, pharmaceutical policy",201 ~ 219,http://kiss.kstudy.com/search/detail_page.asp?key=3179987
8,근로연계복지정책 효과와 전달체계 성격에 관한 연구: 미국 TANF와 영국 New Deal의 사례연구,"임수경 ( Su Kyoung Lim ) , 권혁창 ( Hyeok Chang Kwon )",한국사회보장학회,사회보장연구,29,4,2013,1225-5866,"본 연구는 새롭게 확대된 자활사업 전달체계에 대한 함의를 찾기 위하여 미국과 영국근로연계복지정책의 전달체계 성격과 정책효과에 관한 사례연구를 진행하였다. 분석사례는 미국의 TANF와 영국의 한부모 New Deal이며, 연구결과는 다음과 같다. 첫째, 미국과 영국은 모두 수급자의 탈수급 및 고용효과 제고를 위하여 공공부조제도의 전달체계를 고용서비스 전달체계로 통합하고, 지역노동시장파트너십 조직과 연계하여 훈련프로그램을 제공하였다. 그러나 영국은 중앙정부 차원에서, 미국은 주정부 차원에서 전달체계를 개혁하였다. 지역파트너십의 경우에도, 영국은 국가정책의 틀 내에서 수급자에 대한 상시적 기초기술 및 직업훈련을 제공했다. 반면, 미국은 주정부 차원에서 개별상담사의 요구가 있을 경우 훈련프로그램을 제공하였다. 이와 같은 전달체계 성격은 장기적 효과 측면에서 차이를 나타냈다. 미국과 영국은 모두 전달체계를 구축하는 동안 고용 및 탈수급이 증가했다. 그러나 이는 1970년대 이후 가장 안정된 노동시장 상황에서의 결과이며, 전달체계구축이 완료된 이후, 미국은 실업률 증가에 따라 수급자 수가 증가하였다. 반면, 영국은 실업률이 급증하는 상황에서도 수급자 수는 감소하였다. 이는 중앙정부 차원에서 수행한 상시적 기초기술 및 직업훈련 인프라 구축, 고용주와의 적극적 연계체계를 구축한 전달체계의 효과를 나타낸 것으로 시사하였다. 이를 토대로 한국에 대한 시사점을 제시하였다.","This study is the case study to explore the characteristics and the effectiveness of welfare-to-work delivery system in the U.K. and the U.S. This study analyzes the TANF policy in the U.S. and the New Deal for lone parents policy in the U.K. The results are as such: Firstly, in the U.K., the central government integrated the delivery system of the Income Support program into that of the employment program. However, in the U.S., the state government integrated the delivery system of the AFDC program into that of the employment program. The U.K. government supported the local labor market partnerships and they usually provided the basic job skills for all the welfare recipients. However, in the U.S., state government provided the job training programs just welfare recipients to whom personal advisors refer. The difference of the delivery system in the welfare-to-work policy leads to the difference of effectiveness, especially long-term effectiveness. That is because TANF effectiveness has reduced due to the changes of the unemployment rate in the labor market. Based on the results, this study suggests the policy implications for the delivery system of Korean welfare-to-work policy which has expanded recently.","근로연계복지, 지역노동시장, 파트너십, 정책효과, 전달체계, Welfare-to-work, Local labor market, Partnership, Policy effectiveness, Delivery system",221 ~ 247,http://kiss.kstudy.com/search/detail_page.asp?key=3179988
9,"우리나라 노후설계서비스에 대한 시론적 고찰 -보편적,균형적 관점에서",지은정 ( Eun Jeong Ji ),한국사회보장학회,사회보장연구,29,4,2013,1225-5866,"평균수명이 연장되는 가운데, 퇴직연령은 53세(평균)에 불과하여 퇴직 후 보내는 시간이 전체 인생의 40%에 이른다. 따라서 퇴직 시기를 어떻게 보낼 것인지도 중요한 과제이다. 그러나 아직 노후설계는 사회적 핵심논제가 아니고 인식수준도 낮아서 준비되지못한 상태로 노년을 맞는 계층이 많다. 그러나 준비된 노후생활을 영위하고, 사회적으로도 고령화로 인한 부정적 영향을 축소하기 위해서는 노후설계정책이 필요하다. 그럼에도 불구하고, 정책을 뒷받침할 만한 연구가 부족하다. 그나마 수행된 연구도 대부분 노후준비진단지표, 준비 실태를 중심으로 이루어져 한계가 있다. 본 논문은 이와 같은 문제의식아래 보편적·균형적 관점에서 노후설계서비스를 진단하고 서비스 체제 구축에 필요한 기초자료를 제공하고자 연구를 수행하였다. 분석결과, 첫째, 우리나라는 사회구조적 특성으로 인해, 그리고 보편적·균형적 노후설계서비스 구축을 위해 정부가 적극적으로 노후설계에 개입할 필요성이 큰 것으로 나타났다. 둘째, 전 생애에 걸쳐 이뤄져야 할 노후설계가 특정 계층을 중심으로 이루어지고, 연령계층별로 보더라도 50대 이후만을 대상으로 이루어지고 있다. 또한 재무영역을 중심으로 실시되고, 노후설계서비스의 핵심인 연계서비스와 사후관리는 거의 실시되지 않는다. 보편적·균형적 관점에서 한계가 있음을 알수 있다. 따라서 앞으로는 노후설계보다는 생애설계로 접근하는 것이 더 바람직할 것으로 판단된다. 나아가 100세 시대에 장수위험으로 인한 경제문제도 중요하지만, 비재무 영역(여가, 평생교육 등)도 중요하므로 재무와 비재무영역을 균형적으로 제공하고, 연계서비스와 사후관리서비스도 제공해야 노후준비에 기여할 수 있을 것이다.","The retirement age is just 53 years old on average, while the life expectancy has been lengthened in Korea. Most people may live nearly 40% of their life after retirement. Thus, it is important how they spend it in their old age. A later life planning policy is necessary to prepare for old age, from an individual perspective and for a reduction of negative impacts of ageing from a social perspective. Despite that, the later life planning service is not a critical social issue and the social cognition about it is low. However, there is some research related to this. From this perspective, this study tries to exam the current situation and problems of the later life plan service according to universa l?balanced viewpoints. Moreover, it intends to provide a useful policy implication. The results of the study show the following: Firstly, it is essential for government policy for life design in that the social participation culture in Korea has been less developed and social infrastructure has been insufficient. Secondly, this service is only provided to a special class even though it should be provided to every citizen. In addition, it just focuses on people over fifty, although it has to serve all age groups. Also, the later life planning service has been focused on a financial service and it has not created a link service, along with a follow-up service, which are the main points of the later life planning service. Thus, it should be provided to all nations including the social vulnerable groups. In addition, it is desirable to encourage the life design rather than later life design service. And this service should be balanced between financial and non financial aspects, since leisure, lifelong education and volunteer activities are also essential.","생애설계, 노후설계, 노후설계서비스, 보편적, 균형적, life design, later life plan service, universal, balanced",249 ~ 283,http://kiss.kstudy.com/search/detail_page.asp?key=3179989
10,기획주제 : 사회복지지출의 정부 간 재원분담체계 조정방안: 영유아보육지원 및 기초노령연금을 중심으로,주만수 ( Man Soo Joo ),한국사회보장학회,사회보장연구,29,3,2013,1225-5866,"본 논문은 지방재정에 대한 실태를 파악하고 지방재정의 어려움이 주로 중앙정부의 사회복지부문 국고보조사업 확대에 의해 초래되었음을 제시한다. 특히 최근 영유아보육 지원사업의 급격한 확대로 중앙정부와 지방정부의 재원분담에 대한 갈등이 촉발되었으며 현 정부의 공약대로 기초노령연금사업이 확대 시행되면 그 갈등은 더욱 증폭될 것이다. 본 논문의 목적은 재정분권원리에 입각하여 사회복지사업에 대한 정부 간 재원분담방법을 정립하는 것이다. 중앙정부가 특정보조금에 의한 정책의 모든 세부사항을 결정하고 지방정부는 법률에 따른 집행책임만을 부여 받는 경우, 중앙정부가 소요예산 전액을 조달 하는 것이 재정분권의 원리에 부합한다. 그러나 기존정책에 의한 재원분담의 역사성도 반영해야 하므로 이들을 동시에 고려한 재원분담체계를 구축해야 한다. 따라서 지방정부 가 부담한 기존 세출역할의 자연증가분을 지방정부가 부담하되 정책변화로 유발된 추가 재원부담을 중앙정부가 감당하도록 기준 보조 율을 조정할 것을 제안한다. 또한 차등보조 율 제도로 지방정부의 재 정력과 재정수요의 차이를 정확히 반영하는 것은 매우 어려울 뿐 아니라 다양한 중앙정부의 재원이전제도들이 중첩적으로 지방정부 간 재정형평화를 추구 하여 지방정부 사이의 재 정력을 역전시킨다는 사실을 제시함으로써 차등 보조 율 제도를 폐 지하고 재정 형평화 기능을 보통교부세제도로 단일화하여 추진할 것을 제안한다.","The paper shows that the recent dispute over cost sharing on social welfare services between the central and local governments was triggered by the rapid spread of the child care assistance program and would be accelerated if the basic old age pension, as pledged in the presidential election, are expanded. So the paper tries to figure out a better way of the cost sharing in order to avoid the huge social costs for policy coordination. If the central government codes every detail on eligibility and benefits for a categorical grant and local governments have to administer the grant fund by the codes without any exception, the decentralization principle says that the central government has a sole responsibility to raise the fund. We do not have to ignore the existing cost sharing in rearranging the intergovernmental sharing scheme in a situation where the grant has expands. Therefore, a general rule of cost sharing which we propose is that the local governments continue to bear the burden of the existing expenditure role and the central government pays all additional costs by the expansion of national grant programs. Also we propose an abolition of differential grant rate system because the system is not only ineffective to reflect the difference of fiscal capacities and fiscal demands among local governments at which it aims, but also it, combined with an equalizing grant, results in reversing the ranking in the local governments` fiscal powers.","사회복지지출, 영유아보육지원, 기초노령연금, 정부 간 재원분담, 차등보조율, expenditure on social service, child care assistance, basic old age pension, intergovernmental cost sharing, differential grant rates",1 ~ 32,http://kiss.kstudy.com/search/detail_page.asp?key=3158772
11,기획주제 : 복지지출확대와 지방재정조정제도 개선방안,최성은 ( Seng Eun Choi ),한국사회보장학회,사회보장연구,29,3,2013,1225-5866,"무상보육을 비롯한 복지지출의 확대는 중앙정부 중심의 복지체제에서 지방정부의 역 할이 강화되는 측면으로의 패러다임 전환이 필요한 시대로 접어듦을 시사하고 있다. 이 와 더불어 중앙과 지방의 합리적 재원배분을 위한 구조적 변화가 필요한 시점으로 전환 하고 있다. 무상보육확대에 따른 지방비 부담의 경감을 위하여 국고보조 율을 인상한다고 해도 문제의 본질이 해소될 수 있을지 의문이다. 지방자치단체의 보조금에 대한 의존과 도덕적 해이로 인해 효율적인 재정운용이 이루어지기 어렵기 때문이다. 단순히 국가사업 이므로 중앙정부가 재원 책임을 져야 한다는 논리보다는, 지방자치단체의 책 무성을 강화 하고 효율적인 재정운용을 가능하도록 할 수 있는, 보다 근본적인 중앙과 지방의 재원 분 담 구조의 개선이 필요하다. 본고에서는 전면적인 국고보조사업의 재검토와 분류를 시행 하여 국가표준하에 국가책무사업으로 시행될 필요가 있는 공공부조성 사업들을 중심으로 국고보조사업을 정비하고, 지역의 자율적 운영이 더 효과적일 수 있는 사회서비스 성격 의 사업에 대하여는 보육, 노인등 범주별로 포괄보조금화 하는 것을 제안한다. 영유아보 육료 지원사업의 경우 서비스적 성격이 강한 보육료지원 사업은 범주별로 포괄화 하고, 양육수당은 국고보조사업으로 존치후 기준보조율 상향을 고려할 수 있다. 국가적 책무가 강한 기초생활보장사업, 기타 노인소득보장 사업, 보육서비스를 제외한 양육수당의 경우 는 기준보조율 상향과 차등보조율 제도의 개선을 통한 국고보조강화를 제안한다. 같은 맥락에서 2014년 이후 분권교부세는 기타 유사한 사회서비스등을 포함하여 확대된 형태 의 포괄보조금화 하는 것도 제안하는 바이다. 이는 지방자치단체의 전반적 세입구조상의 재조정을 필요로 할 수 있다. 본 고에서는 보통교부 세의 기준수요산정 시 사회복지시설 면적이나 시설수와 같은 요소들은 배제하여 시설확대 유인 등의 도덕적 해이 요소를 제 거함과 동시에, 사회복지수요분의 보통교부세를 축소할 것을 제안한다. 동시에 복지부문 전체에 대한 세출연계강화와 사회서비스사업등에 대한 포괄보조금화를 통한 개별 사업들 의 세출연계완화를 제안하는 바이다. 자치구의 과도한 복지재정부담과 관련하여서는 광 역자치단체와 기초자치단체간의 재정조정방식의 개선도 필요하다.","The role of local government in provision of social services is expected to be further strengthened as child care programs transformed to provide universal coverage. Rapid development of social service sectors confirms this prediction, since local government is more suitable in provision of social services. This implies the needs for new paradigms for financial responsibilities and intergovernmental fiscal relationship. This paper suggests, in terms of intergovernmental fiscal relationship with expansion of welfare expenditure, reinforcing earmarking in financing welfare expenditure, while relaxing earmarking in narrower areas such as social services by introducing categorical block grant. This may allow to relax earmarking in individual social service programs. More specifically, matching rates for programs that are generally considered as central government`s responsibilities needs to be raised. This national minimum standards applies to the programs such as National Basic Livelihood Programs and child care programs, and other income support programs for the old. Programs which are considered as social service may be excluded in this criteria, such as child care services. After expiration of the grant for programs transferred to local government, the paper suggests to introduce block grants including more social service programs. This may imply reduction of general grant, but by reforming the formula for the general grant, the effect may be offset in some degree. Because the current formula have component to induces moral hazard such as unnecessary expansion of welfare facilities, the exclusion of the input factors such as the number of facilities and the square footage of them. Instead the welfare demand may be reflected in the formula for the adjustment grant from the state government to local government.","지방복지재정, 국고보조율, 차등보조율, 분권교부세, 포괄보조금, intergovernmental fiscal relationship, local governments` social expenditure, block grant, matching grant",33 ~ 51,http://kiss.kstudy.com/search/detail_page.asp?key=3158773
12,세제혜택이 가계의 연금저축 행태에 미치는 인과적 효과,"안종길 ( Jong Kil An ) , 우석진 ( Seok Jin Woo ) , 김병권 ( Byeong Kwon ) , 빈기범 ( Ki Beom Bhin )",한국사회보장학회,사회보장연구,29,3,2013,1225-5866,"본 논문에서는 2006년 개정된 연금저축 소득공제 한도 상향이 가계의 저축행태에 미 치는 영향을 실증적으로 분석하였다. 연금저축 소득공제 한도 상향을 일종의 ‘처리 (treatment)’로 간주하여 소득공제 한도 상향이 연금저축 납부 규모에 미치는 ‘(조건부) 평 균 처리효과(ATT)’를 추정하였다. 구체적으로 2005년 개인연금 납부규모를 기준으로 처리 군(treatment group)과 통제군(control group)을 구분하여 설정하고, 소득공제 한도가 상향되기 직전인 2005년을 기준연도로 소득공제 상향 이후 연도의 자료를 적절히 조합하여 처리효과를 추정하였다. 아울러 연금저축 소득공제의 주요 목적인 노후소득보장 달성 여부를 확인하고자 가구의 개인연금 납부규모와 다른 저축과의 관계를 추정하였다. 한국노동 패널자료를 이용한 분석 결과, 기존 개인연금 납부규모가 적었던 가구의 개인연금 납부 규모가 증가한 것으로 나타났다. 하지만 이들 가구의 개연연금 납부가 가구 저축을 구축 한다는 증거를 발견하였다. 이는 개인 연금 납부 규모 증가와 함께 가계의 포트폴리오 조정이 따르는 것으로 추측된다. 결론적으로, 연금저축 소득공제가 개인연금 납부를 늘리 는 유인으로 작용하여 효과성은 상당하지만, 저축을 구축하여 효율성은 높지는 않은 것으로 평가된다.","This paper examines the effect of tax incentive for pension saving, revised in 2006, on the saving decisions of Korean households. In order to measure the causal effect of the tax incentive, we constructed the treatment group and the control group based upon their pension saving contribution in 2005. And we compared the households which contributed 3.0 million won or less in 2005 and the ones which contributed more than 3.0 million won in 2005. The former had an incentive to increase their pension saving to gain more tax benefit due to the tax reform in 2006 while the latter did not have one. Using the KLIPS, first, we estimated whether the tax change had increased the amount of pension saving. Second, we tested whether the family saving was crowded out by the retirement saving. The estimation results show that the tax change for pension saving increased the pension saving of the families with tax incentives to a statistically significant margin. On the other hand, the estimated relationship between the pension saving and total saving of the treatment group shows that their other savings are considerably crowded out by the pension saving.","연금저축, 처리효과, 소득공제, 저축, pension saving, treatment effect, tax deduction, savings",53 ~ 79,http://kiss.kstudy.com/search/detail_page.asp?key=3158774
13,복지국가와 일에 대한 태도: 노동시장 제도와 일 몰입의 관계에 관한 비교연구,"김영미 ( Young Mi Kim ) , 김은하 ( Eun Ha Kim )",한국사회보장학회,사회보장연구,29,3,2013,1225-5866,"이 연구는 개인의 일에 대한 태도가 복지국가의 제도적 조건에 영향을 받는지 이론적?실증적으로 규명하고자 하는 연구이다. 이를 통해 관대한 복지국가와 일에 대한 몰 입 수준은 어떠한 관계에 있는지 검증하고자 하였다. 분석은 다층분석(multi-level analysis)을 통해 개인의 일에 대한 태도에 영향을 미치는 거시적, 미시적 차원의 요인들을 통합적으로 검증하였는데, 국가나 체제의 영향이 아닌 구체적인 제도적 맥락이 갖는 영향을 분석 한다는 점에서 기존의 연구들과 차별화된다. 이를 위해 국제사회조사프로그램(International Social Survey Programme)의 2005년 모듈을 활용하였으며, 한국을 포함하여 18개 선진산업 국가들이 분석에 포함되었다. 분석결과, 일 몰입에 유의미한 영향을 미치는 개인 수준의 독립변수는 성별, 연령, 교육수준, 취업여부, 주관적 계층인식으로 나타났다. 국가 수준의 독립변수로는 실업급여의 관대성, 적극적 노동시장정책 수준, 고용보호규제의 엄격성 수 준, 노조 조직률을 투입했고, 통제변수로 실업률을 투입하였다. 이 중에서, 실업급여의 관 대성, 적극적 노동시장 정책에 대한 지출수준이 일 몰입 수준을 증가시키는 것으로 나타났고, 높은 실업률은 일 몰입 수준을 낮추는 것으로 나타났다. 이상의 결과는 일에 태도 에 유의미한 영향을 미치는 노동시장 제도의 영향을 보여주고 있어, 복지국가가 사람들 의 일에 대한 가치와 지향, 근로 윤리와 태도에 긍정적인 역할을 하고 있음을 제시한다.","The purpose of this study is to examine the effects of labor market institutions on employment commitment. That is, in view of institutionalism, the relationship between welfare state institutions and employment commitment is empirically analyzed. For this, we utilized 2005 ISSP (International Social Survey Programme) module with 18 OECD countries including South Korea. The analysis was performed using multi-level analysis to research into the interaction between individual and national variables The major findings of this study are as follows. First, in individual level, sex, age, education, the state of employment, and subjective class identification have a significantly positive effect on employment commitment. Second, in institutional level, unemployment benefits` generosity and public expenditure on active labour market policies have a significantly positive influence on employment commitment. With this results, the authors suggest welfare state positively affects the employment commitment, work value and work orientation.","복지국가, 일에 대한 태도, 일 몰입, 노동시장 제도, ISSP, 다층분석, welfare state, work orientation, employment commitment, labor market institution, ISSP, multi-level analysis",81 ~ 112,http://kiss.kstudy.com/search/detail_page.asp?key=3158775
14,국민기초생활수급자의 근로능력별 상태의존성 검증,김재호 ( Jae Ho Kim ),한국사회보장학회,사회보장연구,29,3,2013,1225-5866,본 연구에서는 근로능력의 정도를 바탕으로 국민기초생활수급의 상태의존성을 살펴보았다. 근로능력의 크기와 상관없이 전체 수급가구에서 수급에 대한 높은 상태의존성을 나타내고 있으며 근로능력이 높은 가구에서 상대적으로 수급가능성이 낮게 나타났다. 하 지만 근로능력이 있는 가구와 근로능력이 낮은 가구만을 각각 따로 떼 내어 비교한 결과 근로능력가구가 저근로능력가구보다 더 높은 상태의존성을 나타냈다. 이는 저근로능력가 구의 경우 미관측된 개인들의 이질성이 오차 항에서 차지하는 비율이 근로능력가구에 비 해 매우 높아 근로능력가구에 비해 미관측된 이질성의 영향을 더 많이 받게 되고 이는 상태의존성을 약화시키는 것으로 나타났다. 이처럼 근로능력가구와 저근로능력가구는 수 급성 향에 있어 서로 다른 모습을 보이고 있고 있어 현재의 근로능력을 고려하지 않은 기 존의 통합적 급여체계에서는 조건부수급자들의 높은 상태의존성을 통제하지 못하는 한계 점을 드러내고 있다.,"This study divided objects by working ability and analyzed the extent of state dependence in the National Basic Living Security (NBLS), using data from the Korea Welfare Panel Study (KOWEPS). A range of dynamic random effects probit model estimation was used to handle unobserved heterogeneity in a less restrictive way. The aggregate showed strong the state dependence in NBLS, but the households with relatively high working ability showed the stronger the state dependence than the households with relatively low working ability. This can find the cause from the individual unobserved heterogeneity in the total error term. The households with relatively high working ability showed the low rate of the individual unobserved heterogeneity in the total error term than the households with relatively low working ability.","국민기초생활보장제도, 근로능력, 상태의존성, National Basic Living Security, working ability, state dependence",113 ~ 137,http://kiss.kstudy.com/search/detail_page.asp?key=3158776
15,우리나라 고령화 대응정책 평가를 위한 고령화 대응지수 개발 -OECD 21개 국가 간 비교 결과를 중심으로-,"김정은 ( Jung Eun Kim ) , 양재진 ( Jae Jin Yang ) , 노승용 ( Seung Yong Rho ) , 정홍원 ( Hong Won Chung )",한국사회보장학회,사회보장연구,29,3,2013,1225-5866,"본 연구는 인구 고령화에 대응하기 위한 국가차원의 노력과 그 결과를 비교분석의 관점에서 측정하기 위하여 개별국가의 정책적 노력과 결과, 사회적 상황을 숫자로 표현함으로써 고령화 대응의 수준을 비교하기 위한 지수 산출을 목적으로 한다. 또한 국가 간 비교와 시계 열 산출이 가능한 지표를 이용하여 국가별 고령화 대응정책에 대한 적극성의 변화와 추세 정도를 지속적으로 파악하고자 한다. 이를 위하여 고령화 대응정책의 총괄 지수, 영역별 지수(소득, 건강, 고용, 사회적 지원, 지속가능성), 정책투입 지수 그리고 정책산출 지수 등 다차원적 지수 산출과 분석을 하고자 한다. 한국의 고령화 대응지수 분석결과를 보면, 2000년대 이후 정책여건이 악화되는 상황에서도 인구 고령화에 대한 국가적 대응 노력은 높아지고 있는 반면에 정책결과지수는 악화되고 있었다. 고령화 대응 지수의 국가 간 비교 결과에 의하면, 고령화 대응지수가 높은 국가들은 아일랜드와 같이 의료와 지속가능성 지수가 높은 유형과, 덴마크와 같이 사회적 지원과 고용지수가 높은 유형으로 구분할 수 있었다.","This study aims to develop Aging Response Index (ARI) for evaluating current status of Korea ageing response policy, by measuring a level of national effort, policy implementation, and social contexts for preparedness of ageing society. The ARI represents a relative level of the aging response policy via international comparison across 28 OECD countries, as well as represents a trend of positive responding policy development by using time-series data analysis. The ARI is composed of five focal areas of the ageing response policy, such as income, health, employment, social support, and sustainability. This index is multidimensionally assessed by calculating a total aging response scale (compositing the five focal indicators) as well as two subtotal aging response scales (compositing policy-response indicators and policy-result indicators respectively). The finding from ARI analysis of Korea showed that the policy-result index score decreased while the policy-response index score has been increased since 2000. In terms of ARI results from international comparison analysis, two types of national positive ageing response policy, higher scores of the total ARI indicated among the OECD countries, are classified as follow: 1) Ireland scored higher on health and sustainability, and 2) Denmark scored higher on social support and employment.","인구 고령화, 고령화 대응지수, 지수산출, Population Ageing, Ageing response Index, Index development",139 ~ 168,http://kiss.kstudy.com/search/detail_page.asp?key=3158777
16,어선원보험의 성격분석 및 개선과제 연구,"김진수 ( Jin Soo Kim ) , 정창률 ( Chang Lyul Jung ) , 남재욱 ( Jae Wook Nahm )",한국사회보장학회,사회보장연구,29,3,2013,1225-5866,"본 연구는 어 선원보험제도의 성격을 분석하고 정책적 발전방안을 도출하는 것이다. 어 선원을 위한 산재보험에 해당하는 어 선원보험은 2004년 사회보험방식의 강제가입 제도로 도입된 이후 높은 수준의 국고보조, 독특한 재해인정기준, 급여범위의 상이성과 같은 제 도적 특성을 가지고 발전해왔으나 이에 대한 연구는 부족한 실정이다. 본 연구에서는 어 선원보험의 성격을 분석함으로써 이 제도의 사용자배상책임 성격을 분명히 하고, 이에 근거하여 현재의 어 선원보험제도를 재해인정범위와 급여범위의 적절성을 중심으로 살펴 보았다. 연구결과 어 선원보험제도는 재해인정범위에 있어서 산재와 비산 재 사이에 승무 중직무외 재해를 규정함으로써 재해보장의 기본적 성격에서 벗어나고 있으며, 과잉보장 과 과소보장을 발생시킬 위험이 있어 개선이 필요한 것으로 판단된다. 급여범위에 있어서 어 선원보험은 위로금성격의 행방불명급여와 재물보험성격의 소지품유실급여를 규정하 여 일반적인 산재보상의 성격에서 벗어나 과도한 급여를 규정하고 있는 한편, 재해보험 에서 중요한 급여인 간병급여와 재활급여를 지급하지 않고 있어 제도의 목적을 달성하는 데 한계를 보이고 있다. 따라서 어 선원보험이 종합적인 사회보장체계에서 그 성격과 목 적에 맞는 역할을 하도록 하기 위해서는 재해인정범위와 급여범위를 제도의 근본적 성격 과 목적에 맞게 개선해 나가기 위한 노력이 필요할 것이다.","This study aims to analyse the Fishermen`s Accident Compensation Insurance(FACI) and suggest policy alternatives. Since its introduction in 2004, it has been developed with institutional factors, including high government subsidy, expanded range of accident approval, and unusual benefit provisions. Nonetheless, the academic approaches with regard to FACI have been rare. By the institutional analysis, this study clarified that FACI was based on employer liability, examining the present condition of FACI with the range of accident approval and benefit provisions. The result shows that FACI does not match the nature of accident compensation insurance by prescribing ‘non-occupational injury on board’ in addition to occupational injury and non-occupational injury, bringing about either over- or under-compensation by cases. In addition, FACI pays benefit for missing persons and possession loss; the former has the purpose of bonus and the latter property insurance, but neither is appropriate for social insurance benefit. On the other hand, FACI has no provision for nursing and rehabilitation, which are essential in industrial accident compensation insurance. In conclusion, the range of accident approval and benefit provisions of FACI need to be adjusted to match the nature and purpose of accident compensation insurance.","어선원재해보험, 산재보험, 사용자배상책임, 재해인정범위, 급여제공, fishermen`s accident compensation insurance, industrial accident compensation insurance, employer liability, range of accident approval, benefit provisions",169 ~ 194,http://kiss.kstudy.com/search/detail_page.asp?key=3158778
17,한국 다차원 빈곤의 종단분석: 차원계수방식에 의한 실현능력접근,"권종희 ( Jong Hee Kwon ) , 서병수 ( Byung Soo Suh )",한국사회보장학회,사회보장연구,29,3,2013,1225-5866,"본 연구는 2005년-2011년의 복지패널자료를 이용하여 소득, 자산, 교육, 건강, 주거, 근로능력, 사회보장 등 7개 차원을 대상으로 차원계수방식에 의해 한국의 다차원 빈곤 율을 측정하였다. 연구결과 2011년 다차원 빈곤 율은 22.1% 수준으로 높았고, 5개년 이상 만성 적인 다차원빈곤 경험가구비율은 15%에 달하였다. 그러나 장기적으로는 다차원 빈곤 율 은 2005년 33.0%에서 2011년 22.1%로 하락추세를 보여 다차원빈곤이 전반적으로 완화되는 모습을 보였다. 다차원적 빈곤 율이 높았던 것은 순자산, 사회보장, 근로능력?고용차원의 결핍이 광범위한데 기인한 바가 컸고 소득과 주거차원 결핍의 다차원적 빈곤에 대한 기여율은 상대적으로 낮았다. 계층별로 보면, 노인, 여성, 모자가정, 저 교육수준계층, 고용취약계층 등 빈곤취약계층일수록 50% 이상의 인구가 다차원적 빈곤을 겪고 있어 매우 심각한 상황이다. 연구결과 수급 자 선정제도는 다차원적 빈곤접근과 같이 개별급여로 전환할 필요가 있으며, 반 빈곤정책도 사회복지지출의 확대와 함께 개인과 가구의 역량을 키우는 다차원 적 정책으로 전환되어야 실질적인 빈곤감축성과를 거둘 수 있을 것이다.","This study has the purpose to measure the multidimensional poverty in Korea by the counting approach and examine its usefulness as an alternative to the present selection criteria for recipients of the public assistance. By the counting approach applying to Welfare Panel in Korea during 2005-2011, the adjusted multidimensional poverty rate was decreased to 22.1% in 2011 from 33.0% in 2005. The high levels of the adjusted multidimensional poverty rate were due to broad deprivations in assets, social securities, health and workability, in spite of the low contribution of income poverty. Vulnerable classes such as single parent families, low-education level group, the aged, economically non-active population were among the severe poverty rates, which were reaching over 50%. The analysis reveals the need to change the intersection selection methods of the present public assistance program to the robust approach of multidimensional poverty measurement, the counting approach. Social policies to reduce poverty in Korea would gain expected positive outcome with the various approaches based on the concepts of multidimensional poverty.","다차원 빈곤, 차원계수방식, 실현능력접근, multidimensional poverty, counting approach, selection criterior of the public assistance",195 ~ 224,http://kiss.kstudy.com/search/detail_page.asp?key=3158779
18,우리나라 여건에 맞는 기부연금 도입에 관한 연구,신기철 ( Kee Chul Shin ),한국사회보장학회,사회보장연구,29,3,2013,1225-5866,"기부연금은 자선단체에 기부를 하면서 기부금품의 일부를 기부자 또는 기부자가 지정 하는 제 3자가 연금형태로 받도록 약정하는 계획기부의 하나이다. 따라서 기대 이상의 부를 축적한 은퇴자, 혹은 임종을 앞둔 독신 노인들이 자선단체나 종교단체에 재산을 기 부하면서 여생의 생활비를 확보할 수 있는 일 시금 기부의 매개체이다. 대학병원, 모 금단 체 등에 대한 설문조사 결과 기부연금 형태에 대한 수요가 있다. 기부연금을 도입하기 위해서 영세한 자선단체가 많은 우리나라의 여건을 감안하면 미국이나 캐나다 같은 관리 비용이 많이 들고 엄격한 규제가 필요한 신탁 형보다는 계약 형이 바람직하다. 계약 형은 기부약정을 할 때 기부금품을 기부와 연금 부분으로 구분하여 연금부분을 연금관리기관 에 위탁하여 운영하는 형태이다. 이 연구에서는 기부연금을 계약 형으로 도입하기 위한 운영구조, 연금지급방법, 연금관리기관의 업무 및 선정기준, 연금수리 적용방법, 연금지급 보증제도, 기부연금을 취급할 수 있는 자선단체의 허용범위 등을 제시하였다. 기부연금과 같은 계획기부제도가 활성화되면 공적 사회복지를 보완할 수 있는 민간 사회복지의 재원확충은 물론 사회갈등을 완화하는 계기가 될 것이다. 따라서 기부를 활 성화하기 위해 영국의 자선위원회 같은 범정부적인 지원조직을 설립하고, 국세청이 계획 기부를 활성화하는데 적극 참여할 것을 제시하였다. 아울러 기부연금을 통한 기부가 활 성화되기 위해서는 마케팅적인 측면에서의 모금활동도 필요함을 제안하였다.","A charitable gift annuity is a sort of planned giving. It involves a contract between a donor and a charity, whereby the donor transfers cash or property to the charity in exchange for a lifetime stream of annual income from the charity. Therefore it promotes a donation from a retired person who accumulates wealth beyond expectation. Survey for university hospitals and charities reveals that there is a necessity to introduce a charitable gift annuity. Contrary to the USA and Canada, charities in Korea are unfamiliar with trust model and very small. Therefore in our country, a contractual arrangement model with an annuity administration vehicle will be better. This thesis focuses on governance, suitable annuity administration vehicle, annuity payment method, annuity guarantee and allowable charities. A charitable gift annuity plays a role to loosen social conflicts as well as boost giving culture. In order to boost giving culture, it is necessary to introduce an independent government organization, and to play an active role by national tax agency. Further it has better to be based on philanthropic marketing.","계획기부, 기부연금, 민간 사회복지, 사회갈등, Planned giving, charitable gift annuity, private social welfare, social conflicts",225 ~ 248,http://kiss.kstudy.com/search/detail_page.asp?key=3158780
19,산재보험의 사업주 책임 및 공동 부담기능 개선에 관한 연구 -산재보험료율제도를 중심으로-,양재성 ( Jae Seong Yang ),한국사회보장학회,사회보장연구,29,3,2013,1225-5866,"본 연구에서는 산재보험료율제도를 중심으로 사업주 공동부담과 책임부담 기능에 대 하여 접근하였다. 세계화 진행과 더불어 산업구조의 변화가 빠르게 진행되고 있으며, 그 결과 산업 간 구조조정 및 규모 간 변화가 일어나고 있다. 이러한 현상은 산재보험제도 에도 영향을 미치게 된다. 따라서 산재보험제도 운영 측면에서 이의 합리적 조정과 재정 안정화 및 사회보험으로서 역할 강화를 위한 산재보험료율제도의 효율적 개선사항을 제 시하고자 하였다. 산재보험료율제도에서 업종별산재보험료율제는 사회보험 기능 강화, 산 재보험료율특례제는 재해발생사업주 책임부담의 기준 강화 및 재정안정화 측면을 고려한 개선사항을 제시하였다. 즉 업종 간 지속적 요율편차의 증가를 해소하기 위한 방안으로 모든 업종에 공통적 업무성격을 가지고 있는 부가보험료율의 전 업종 일률적 적용방안을 제안하고, 고(高)요율과 저(低)요율 업종간 요율축소 효과가 존재한다는 시나리오 분석결과를 제시하였다. 산재보험료율특례제에서는 사업규모에 따라 다르게 설정되어 있는 요 율 최대변동 폭의 조정과 수지율 변동 기준범위(업종별요율적용범위)의 하향조정 필요성을 제시하였다. 이러한 요율제도의 개선방안은 사회보험으로서의 산재보험기능을 강화하고 사업주 간 보험료부담의 형평성 확보 및 산재보험 재정의 안정화, 평균요율의 하향 안정화 추구를 위한 대안임을 제시하였다.","The purpose of this study is to soften the employers` burden and promote financial stability by improving WCI premium rating system. The premium rating system based on business type is related to social security reinforcement and the experience rating system is centered on strengthening the responsibility of the employers with industrial disaster records. This study shows the solutions of the same additional premium rating applied to all industry regardless of business type and the lowered standard range in balance rate. As a result, the employer`s disaster prevention and the social insurance reinforcement are expected. Premium rating as a key factor in WCI needs continuous study and improvement.","산재보험재정, 보험료율, 공동부담, 책임부담, WCI fiscal, WCI premium rating, Employer`s burden, Employer`s responsibility",249 ~ 272,http://kiss.kstudy.com/search/detail_page.asp?key=3158781
20,"양당제적 선거경쟁과 인기정책 경쟁: ""증세"" 없는 ‘보편적’ 기초연금제도 도입 사례를 중심으로",은민수 ( Min Su Eun ),한국사회보장학회,사회보장연구,29,3,2013,1225-5866,"한국에서 복지문제는 오랫동안 한국정치의 핵심의제로 떠오르지 않았으나 지난 제18 대 대선은 한국에서도 선진 복지국가들처럼 복지정책이 선거에서 핵심 쟁점이 될 수 있음을 보여주었다. 특히 박근혜 후보는 정통적인 우파 후보임에도 불구하고 과거의 보수 후보와 달리 복지이슈를 적극 공약하였다. 새누리당과 민주당의 양 후보 모두 중간층과 노년층의 표심을 얻기 위해 경쟁적으로 포괄적(catch-all)인 인기정책 경쟁을 펼쳤으나, 보 수적인 새누리당 후보가 제시한 “65세 이상 모든 노인에게 월 20만원 지급”이라는 기초 연금 공약은 민주당 후보의 공약보다 단순하면서도 인상적이었다. 그러나 증세를 하지 않으면서 보편적인 기초연금제를 도입하겠다는 공약은 선거의 승 리만을 의식한 모순된 정책조합이었다. 따라서 현실적으로 공약이 이행되기 보다는 공약 축소나 시기지연 등을 통해 용두사미 패턴으로 귀결될 가능성이 높다. 기초연금뿐 아니라 앞으로 다양한 복지정책을 도입함에 있어 재정적 실현가능성과 정치적 지속가능성을 확보해야만 하는데, 한국과 같은 양당제의 과열 경쟁 하에서는 이러한 선심성 인기정책의 약속과 불이행을 반복할 수 밖에 없다.","Welfare issue has not risen to core agenda yet for a long time since democratization in korea. But the 18th presidential election showed welfare policy could be a main issue in election campaign like a advanced welfare states. Although Park geun-hye of the ruling Saenuri Party is authentic conservative candidate, she pledged to wefare policy positively unlike previous conservative candidate. Especially she pledged to introduce basic pension which played a meaningful role in mobilizing of elderly and middle class voter. Though the ruling Saenuri Party and opposing Democratic Party both ‘catch-all’ election campaign, “200 thousand won to all seniors over 65” commitment that conservative Saenuri Party present was very simple, powerful and impressive. To carry out those popular program, securing the funds for financing the programs was needed, but the conservative party present contradictory policy portfolios expanding the welfare without raising a tax only to win the election. After all it might end up seeking a anticlimax pattern by a ‘gradual decrease’ Paul Pierson pointed out. we should make sure of social, financial, political sustainability in introducing universal welfare policy as a basic pension. Therefore we must need to consider positively introducing the proportional system and parliamentary system to repeat a promise and break of these popular policy under competition in two party system, and to disperse the concentration of power and promote a competing over policy.","기초연금, 조세, 보편주의, 재정안정화, 인기정책, 대통령 선거, 선거경쟁, basic pension, tax, financial stabilization, popular policy, presidential election, electoral competition",273 ~ 297,http://kiss.kstudy.com/search/detail_page.asp?key=3158782
21,독일의 외국인에 대한 사회복지제도 적용체계와 정책적 시사점,이정우 ( Jung Woo Lee ),한국사회보장학회,사회보장연구,29,3,2013,1225-5866,"최근의 세계화 및 자유화 추세는 개별 국가들이 기존의 독자적이고 배타적인 민족국가로서의 속성을 탈피하여, 세계를 대상으로 하는 개방적이고 포용적인 국가체제로의 기 능 전환을 요구하고 있다. 그리고 이와 같은 현상의 진행과정에서 국가 간 인구이동이 활발하게 발생하고 있으며, 그 규모는 지속적으로 증가하게 될 것으로 전망된다. 외국인 인력관리정책은 국익우선주의의 원칙을 토대로 인력유입의 조절과 관리를 불가피하게 필요로 하게 된다. 왜냐하면 이 경우 본인 당사자는 물론 기존 주민들의 정치 적?경제적?사회문화적 이해관계에 밀접한 영향을 미치게 되며, 나아가 사회질서의 유 지와 인권보호의 측면에서도 중대한 과제가 될 수 있기 때문이다. 사회복지제도는 사회통합과 사회안정 등과 같은 정치적 목적의 기능을 수행하게 된다. 본 연구의 목적은 외국인을 체류국가의 사회복지제도에 적용하는 방식과 아울러 개별 제 도들이 외국인들의 통합과 통제와 관련하여 어떠한 기능을 하게 되는지를 독일의 제도적 사례를 중심으로 살펴보고자 하는데 있다.","Recent globalization and liberalization trend requires individual countries to break from the independent and exclusive characters of a nation state and shift its function into a more open and tolerant state. As a part of this phenomenon, population migration between countries is inevitable, and its scale is expected to grow continuously. Foreign Workforce Policy based on the principle of national interest priority inevitably requires a control and management of foreign labor force influx. Such control is necessary because it not only influences foreign workers but also existing residents with respect to political, economic, and sociocultural interests. Further, it can be a critical issue regarding the maintenance of public order and protection of human rights. Social welfare system aims to carry out political function such as social integration and maintenance of social stability and political order. The purpose of this research is to examine the implementation methods of social welfare system on foreign workers and how individual policies function with regard to integration and control of foreign workers by analyzing the case of Germany.","인구이동, 노동허가제도, 외국인 인력정책, 사회복지제도, population migration, employment permit system, foreign workforce policy, social welfare system",299 ~ 327,http://kiss.kstudy.com/search/detail_page.asp?key=3158783
22,국가비교를 위한 보완적 빈곤측정의 탐색: 욕구영역별 고정비용의 영향,"이현주 ( Hyon Joo Lee ) , 주영선 ( Young Sun Joo )",한국사회보장학회,사회보장연구,29,3,2013,1225-5866,"본 연구는 국가비교에서 소득빈곤이라는 개념이 갖는 한계에 주목하고 그 한계를 보완할 수 있는 빈곤측정을 탐색하였다. 소득빈곤의 한계 중 소득빈곤이 각 국의 사회정책 수준을 정확하게 반영하지 못한다는 점이 국가비교연구에서 가장 핵심적인 쟁점이 된다. 사회정책의 발 전정도가 낮은 국가에서는 가구 단위에서 기초욕구를 충족하기 위한 지출 부담이 크고 이러한 부담이 빈곤위험을 높이지만 소득빈곤의 비교에서는 이러한 현상을 포착하기 어렵다. 본 연구는 보완적 방법으로 기초욕구-주거, 의료, 교육-를 충족하기 위 한 고정비용을 고려하여 수정된 가처분 소득을 구하고 이를 활용하여 빈곤 율을 산출한 후 그 결과를 국가 간 비교하였다. LIS 자료를 활용하여 분석한 결과, 수정가처분소득 빈곤 율과 가처분소득 빈곤 율의 차이가 국가마다, 그리고 기초욕구 영역마다 상이하였다. 심 지어 특정 욕구영역에서는 수정된 가처분 소득 빈곤 율의 국가순위가 가처분소득 빈곤 율의 순위와 상이하였다. 각국의 사회정책 수준과 각 국의 취약한 정책 영역이 반영된 결 과로 해석되었다.","This study examines a complementary poverty measurement for the comparative study. Income poverty is an indirect measure which leaves out resources such as social support-which involve little or no market transactions. This limitation could be a serious trap to understand the poverty in some country accurately. This study analyzes the gap between disposable income poverty rate and adjusted disposable income poverty rate after deduction the fixed cost for basic needs. The analysis is conducted with several countries comparison based on the Luxembourg Income Study. The results demonstrate that the gap varies across the countries due to their different levels of social policy. Therefore, this study implies that income poverty should be supplemented with alternative poverty measurement in also comparative analysis.","소득빈곤, 빈곤 측정, 욕구영역별 고정비용, income poverty, poverty measurement, fixed cost for basic needs",329 ~ 349,http://kiss.kstudy.com/search/detail_page.asp?key=3158784
23,국민건강보험공단 지사의 효율성 분석과 추세 변화 -DEA/Window 분석을 중심으로-,"김용민 ( Yong Min Kim ) , 정기택 ( Kee Taig Jung ) , 임구일 ( Gu Il Rhim )",한국사회보장학회,사회보장연구,29,3,2013,1225-5866,"본 연구는 인구 고령화에 따른 국민 의료비 급증, 국민건강보험의 지속가능성 문제 대 두 등의 환경 변화 속에서 단일 사회 보험자인 국민건강보험공단의 효율성 개선이 필요 하다는 문제인식과 선행연구들의 방법론적 한계에 대한 문제 제기로부터 시작했다. DEA 를 통해 국민건강보험공단 지사들의 정태적 효율성을 분석하고, 특히 DEA/Window 분석을 통한 지사들의 효율성 추세를 분석하여 비효율의 원인을 파악하고자 하였다. 자료는 국민건강보험공단 재정통계센터 자료, 건강보험통계연보 및 건강검진통계연보 등의 자료를 취합하여 구성하고 분석에 활용하였다. 분석 결과, 대부분의 국민건강보험공단 지사들이 규모 효율성 측면에서의 개선이 필요 한 것으로 나타났으며, 이는 규모수익 분석 결과도 동일하게 나타났다. 이는 조직의 내부 자원은 정체되어 있고 성과의 변화를 따라가지 못해 규모의 효율성이 점차 악화되고 있 기 때문으로 판단되며, 인력과 관리운영비 등의 경영효율성이 제고되어야 함을 시사한다.","This study initiated from the problem regognition that NHIC which is the only social insurer is need to improve its efficiency in an era of environment change such as increase of national health expenditure according to population aging and sustainability of NHI and the methodological limit of advanced researches. This study intended to figure out the cause of the inefficiency of NHIC by analysing static efficiecy through DEA and efficiency trend through DEA/Window analysis. Reseach data is collected from the internal data of NHIC Health Insurance Policy Rsearch Institute Finance and Statistics Center, National Health Insurance Statistical Annual Report and National Medical Examination Statistical Annual Report and applied to the research analysis. According to the results, most NHIC brances are need to improve Scale Efficiency (SE) and RTS (Return to Scale) analysis showed the same results. We think that this is because SE has been gradually deteriorated because internal resources of NHIC is backed up and could not follow the change of performace. This means that managerial efficiency such as human resources and administrative cost is need to be improved.","국민건강보험공단, 효율성, 자료포락분석, DEA/Window 분석, National Health Insurance Corporation, Efficiency, Data Envelopment Analysis, DEA/Window Analysis",351 ~ 379,http://kiss.kstudy.com/search/detail_page.asp?key=3158785
24,고령화 사회에 있어 일본 성년후견제도의 실태 및 한국에의 시사점,"최은영 ( Eun Young Choi ) , 전병주 ( Byeong Joo Jeon )",한국사회보장학회,사회보장연구,29,3,2013,1225-5866,"2013년 7월부터 판단능력이 불충분한 요보호성년자를 보호하고, 그들이 일상적인 생활을 영위할 수 있도록 성년후견제도가 시행될 예정이다. 성년후견제도의 시행을 몇 달 앞 둔 시점에서 제도의 해석과 실제적 운용에서 발생할 수 있는 문제점에 대해 미리 대처하는 것은 매우 중요하다. 일본은 한국과 사회?문화적 환경이 유사하고, 후견유형과 임의 후견제도 등 전반적인 성년후견제도의 운용이 유사하므로 앞서 제도를 시행한 일본의 실 태를 파악하고, 이를 통해 한국에서 최적의 제도를 실현할 수 있는 기반을 사전에 마련 할 필요가 있다. 따라서 본 연구에서는 일본의 성년후견제도의 운영현황 및 제도 시행과 정에서 발생하고 있는 문제점을 고찰하여 한국의 제도시행을 앞두고 법제도적?행정적 측면에서 실질적으로 보완할 점에 대한 시사점을 도출하는 것을 목적으로 하였으며, 그 구체적인 방안으로 성년후견인 확보 및 비용 등의 문제를 해결하기 위한 몇 가지 방안을 제시하였다.","The adult guardianship system is scheduled to come into effect this coming July 2013 for supporting adults who need protection due to insufficient ability to judge, and for helping them run an ordinary daily life. Since the new system will be introduced in a few months, it is now very important to grasp, in advance, the potential difficulties or expected problems that may occur in the interpretation and actual implementation of the system. As Japan and Korea have many similarities in social and cultural environment as well as in overall schemes of the adult guardianship system, including the types of guardianship, understanding and over viewing the actual condition of Japanese system will give us very significant implications. Therefore, this study delves into the current status of the Japan`s adult guardianship system and several problems occurred in the implementation process, and this review will draw out meaningful suggestions to complement Korean adult guardianship system, both law/institution and administration.","고령화 사회, 성년후견제도, 성년후견인, aging society, adult guardianship system, adult guardians",381 ~ 413,http://kiss.kstudy.com/search/detail_page.asp?key=3158786
25,소득계층별 부채가계의 특성과 결정요인의 비교: 부동산 요인을 중심으로,"정운영 ( Woon Young Jeong ) , 정세은 ( See Un Jeong )",한국사회보장학회,사회보장연구,29,3,2013,1225-5866,"본 연구는 2012년 한국복지패널 7차 자료를 이용하여 소득계층별 부채가계의 사회인 구학적, 경제적 특성을 살펴본 후 소득계층별 부채가계유무 및 부채규모 결정요인을 분석하였다. 기존 부채관련 연구들이 소득계층별 차이를 집중적으로 부각시키기 못한 것에 비해 본 연구는 소득계층별로 사회인구학적, 고용상태 및 경제적 요인뿐 아니라 주택 소 유여 부, 거주주택가격, 실물자산 등 부동산 요인이 다르게 영향을 미친다는 것을 밝혀냈다. 분석 결과 저소득층은 주택을 소유하지 않으면서 거주주택 가격이 높을수록 부채가 계가 될 가능성이 높았으며 중산층 가계의 경우는 비취업인 경우, 거주주택 가격이 높을 수록 부채가계가 될 가능성이 높았다. 이 두 집단에서는 실물자산 액, 소비지출은 부채가 계가 될 확률을 높이는데 유의한 영향을 미치지 않았다. 이와 다르게 고소득층은 거주주택 가격은 유의한 영향요인으로 나타나지 않고 주택을 소유하고 있고 실물자산이 많으며 소비지출이 많을수록 부채가계가 될 가능성이 높게 나타났다. 이러한 결과는 부동산 요 인이 가계 부채 존재 여부에 미치는 영향력은 소득 계층에 따라 다르게 나타난다는 것을 의미한다. 구체적으로 저소득층은 거주주택관련 주거비 부담이, 고소득층은 부동산 투자 가 부채가계 결정요인인 것으로 보인다.","This paper has the purpose of comparing the socio-demographic, economic and financial characteristics of low-income, middle-income and high-income groups and examining the determinants of indebted households and the amount of debt. We used the 7th Korea Welfare Panel (2012) for this research. While the previous studies failed to detect clearly the differences of the role played by the real estate factor in each group`s debt problem, this study found out the different roles of not only socio-demographic and economic factors but also the real estate factor in the build-up of each group`s debt problem. In the case of low-income class, the household which does not have its own house and lives at a more expensive residence has high probability of becoming indebted. The value of real assets does not have a significant impact. In the case of middle-income class, the ownership of its house, the value of real assets have not a significant impact while the value of residential house has a positive impact like the low-income class. Finally, in the case of high-income class, the ownership of its own house and value of residential house have not a significant impact but the value of real assets has a significantly positive impact on being indebted household. These results implicate that the low-income families tend to have debt in order to pay its residential cost. while the high-income families tend to have debt in order to increase its real assets. And the middle-income families tend to have debt to possess their own house, not to increase actively their real assets.","소득계층, 부채가계, 소비지출, 거주주택가격, 실물자산, income classes, indebted household, consumption spending, the value of house, real assets",415 ~ 439,http://kiss.kstudy.com/search/detail_page.asp?key=3158787
26,기혼여성의 지역노동시장권 설정과 취업에 미치는 영향,최효미 ( Hyo Mi Choi ),한국사회보장학회,사회보장연구,29,3,2013,1225-5866,"본 논문은 기혼여성의 지역노동시장 권이 어떻게 구성되어 있으며, 이러한 지역 노 동시 장의 특징이 기혼여성의 취업에 어떠한 영향을 미치는지를 분석하였다. 이를 위해 「2010 인구센서스」10% 표본자료를 활용하였으며, 수정 쿰즈 알고리즘을 이용한 지역 동 시장 권 설정 및 다층분석을 실시하였다. 분석결과, 기혼여성의 지역노동시장은 전국이 잘게 쪼개지는 양상을 보이며, 기혼남성 혹은 미혼여성에 비해 현저히 좁은 것으로 나타났다. 한편 초등학생 이하 자녀가 있는 20∼45세 기혼 여성을 대상으로 취업 결정요인을 분석한 결과, 지역 요인 중에서 공공서비스업 종사자 비중, 개인서비스업 종사자 비중, 비남성지배직종 종사자 비중, 지역별 전체 어린이 집 설치 율 및 국공립어린이 집 설치 율 등이 긍정적 영향을 미친 것으로 나타났다.","This study looks into the local labor market areas (LLMAs) relevant for married women, and analyzes how LLMA characteristics influence to employment. Using a 10% sample of Korea`s 2010 National Census, LLMAs were drawn up using travel-to-work data. Results indicate that LLMAs for married women are fragmented throughout Korea and cover markedly smaller areas than those for married men or single women. Multilevel analyses on married women`s employment using these LLMAs indicate that region-level regressors with significant positive coefficients included proportion of workers in public-service (public administration/ education/ health and social work etc), proportion of workers in personal-service (hotels and restaurants/ personal service activities etc), proportion of workers in non-male-dominated occupation, whole child-care facility availability, and public child-care facility availability.","기혼여성의 취업결정 요인, 기혼여성의 지역노동시장 권역, 지역 여성 고용정책, 지역별 보육시설의 효과, determinats of employment of married women, local labor market areas of women, regional policies for female employment, effect of child-care facility availability",441 ~ 468,http://kiss.kstudy.com/search/detail_page.asp?key=3158788
27,기획주제 : 인수위 기초연금 도입(안)에 대한 평가와 전망,"이용하 ( Yong Ha Lee ) , 김원섭 ( Won Sub Kim )",한국사회보장학회,사회보장연구,29,2,2013,1225-5866,"본 연구는 지난 2월에 발표된 인수위의 기초연금 도입(안)의 취지와 배경 그리고 주요 내용을 구체적으로 정리하고 평가하는데 그 목적을 두고 있다. 지난 2월 인수위는 기초 노령연금을 특정 세대나 계층을 위한 제도가 아닌 모든 세대가 누리는, 사실 현행 기초 노령연금과는 차원이 크게 다른, 보편적 기초연금으로 전환하는 방안을 제시한 바 있다. 인수위 기초연금(안)은 기초연금을 1층의 기본연금, 국민연금을 2층의 부가연금으로서의 역할을 명확히 하고, 기초연금액을 국민연금 가입여부와 가입기간에 연계시키고, 국민연금과 통합 운영하도록 한 점이 가장 큰 특징이다. 이러한 인수위 기초연금(안)의 기대효과 및 쟁점 등을 분석한 결과 장기적 재정 안정성, 수급자와 비수급자간의 형평성, 국민 연금과의 연계성과 통합성, 재분배의 적정성과 가입의욕 제고 등의 측면에서 최적의 안이라는 결론에 도달하고 있다.","The study analyses the pension policy of new government in S. Korea that aims to convert the basic Old-Age Pension to a universal basic pension from July 2014. The study consists of the following topics, including characteristics & types of the basic pension, similarities and differences between current basic Old-Age Pension and basic Pension, rationales for a basic pension in Korea, framework of the basic pension scheme proposed by new government, effects and issues of the proposal. This suggests that the proposed reform scheme can represent itself as the best option when we consider social economic environments unique to Korea. Finally, it should be noted that, given high old-age poverty rate and low take-up rate of National Pension scheme even in the future, pension policy of new government is effective to protect old age poverty both at present and even at the mature stage of the National Pension.","노후보장, 국민연금, 기초노령연금, 기초연금, old-age security, basic pension, national pension",1 ~ 25,http://kiss.kstudy.com/search/detail_page.asp?key=3142658
28,기획주제 : 인수위 국민행복연금(안) 평가,"윤석명 ( Suk Myung Yun ) , 오신휘 ( Shin Hwee Oh ) , 양혜진 ( Hai Jin Yang )",한국사회보장학회,사회보장연구,29,2,2013,1225-5866,"본 연구에서는 인수위 “국민행복연금(안)에 대한 평가 및 예상되는 파급효과를 분석하였다. 기초연금 논의의 출발점이었던 1997년 ``국민연금제도개선기획단``을 시작으로, 우리 나라 보편적인 조세방식 기초연금 논쟁의 출발이었던 2001년 OECD/EDRC Committee의 정책권고(안) 이후 전개되었던 국회 차원에서의 기초연금 도입관련 쟁점사항을 비판적으로 검토하였다. 특히 노후빈곤완화 및 사회정책 측면에서 기초연금 도입논쟁 초기단계에서 기초연금으로 달성하려 했던 정책목표와 인수위 기초연금(안)을 비교하여 평가하였다. 이와 함께 국민연금 도입 역사가 길지 않아 평균 연금액이 많지 않은 우리의 현실에서 월 20만원의 기초연금(부부기준 월 32만원)은 국민연금 가입자들의 가입유인을 왜곡시킬 가능성이 클 수 있다는 점을 강조하였다. 연금 선진국들과 달리 평균적인 국민연금액이 많지 않은 상황에서 조세방식의 기초연금 도입은 자칫 국민연금을 고소득자와 샐러리맨 위주의 반쪽자리 연금제도로 전락시킬 위험성이 있음도 언급하였다. 특히 막대한 비용을 투입하고서도 OECD 회원국 중 가장 높은 노인빈곤율을 획기적으로 떨어뜨리기 어렵다는 측면에서 세금으로 조달되는 인수위 기초연금(안)은 사회정책 효과가 매우 제한적일 수 있다는 문제점을 지적하였다. 이러한 한계로 인해 OECD는 2012년 권고안에서 현행 기초노령연금의 수급자 비율을 축소하는 대신, 수급자의 연금액은 인상하는 방향으로 자신들의 기존 권고안을 수정했다는 사실 언급과 함께, OECD 권고와 유사한 기초노령연금 발전방향을 대안으로 제시하였다.","The new government of Korea has proposed to introduce basic pension in place of current Basic Old-age Pension. The proposal led to nationwide debate over how to implement the basic pension in terms of coverage, benefits and financing. One of the criticism about the proposal was that there could be disadvantage to National Pension subscribers with the introduction of basic pension. In response, the government revised the proposal to differentiate benefit amount according to subscription period of National Pension. Nevertheless, the proposal of basic pension is still debating since it doesn`t seem to be effective to achieve its aim of relieving old-age poverty of Korea while requiring tremendous amounts of tax to finance it. The proposal of basic pension is also criticized for having inappropriate impact on National Pension by hampering the subscription of low-income people. For low-income people, the benefit amount of basic pension could be more than benefit amount from National Pension and this is likely to lead to delinquency or withdrawal in National Pension. In addition, the integrated operation of National Pension and basic pension, which is also proposed by new government, raises the worries of diversion of National Pension fund into basic pension in the long term although the government announces that the basic pension is to be financed by tax. Considering the abovementioned circumstances, this study analyzes the proposal of the new government on pension, “National Happy Pension”. The study assesses pension policy of the new government and evaluates its expected impacts. Also, the study suggests options alternative to the government proposal.","국민행복연금, 기초연금, 국민연금, OECD 권고안, National Happy Pension, Basic Pension, National Pension, Recommendation of OECD",27 ~ 53,http://kiss.kstudy.com/search/detail_page.asp?key=3142659
29,장애인 필요소득 추정과 장애연금 개선 방안,"강성호 ( Sung Ho Kang ) , 윤상용 ( Sang Yong Yoon )",한국사회보장학회,사회보장연구,29,2,2013,1225-5866,"본 연구에서는 장애인의 필요소득을 소득감소와 추가비용관점에서 살펴보고 있다. 우리나라 장애인은 비장애인에 비해 소득수준이 낮은 원인이 장애의 요인도 있지만 비장애적 요인에 의해서도 발생된다. 그러므로 순수 장애적 요인에 의한 격차를 산출하기 위해 장애적 요인과 비장애적 요인을 구분하여 장애인의 소득감소와 추가비용을 산출할 필요 있다. 분석 결과에 의하면, 비장애인의 연간근로소득과 비교하여 중증장애인의 경우 장애로 인한 소득감소는 47.1%, 추가비용 2.0% 발생하는 것으로 조사되었으며, 경증장애인의 경우 소득감소는 28.9%, 추가비용 0.5%가 발생하는 것으로 분석되었다. 따라서 이러한 소득감소와 추가비용을 고려할 때 중증 및 경증장애인의 필요소득은 현재의 비장애인의 근로소득 대비 각각 91.7%, 91.4%수준이 되어야 하는 것으로 분석되었다. 그러나 현실에서는 각각 42.7%, 61.9%수준으로 낮아 소득지원의 필요성이 존재함을 발견하였다. 장애인에 대한 소득지원을 장애연금만으로 보충하는 것을 가정한다면, 현행 국민연금 장애연금 수준은 추가적으로 1.32배(증증), 1.26배(경증) 더 증액하여야 할 것으로 분석되었다.","This study analyze the needed income for the disabled from the point of view of reduction in income and Additional cost. Usually the income of the disabled is lower than the non-disabled. The income gap is caused by the factors of both disability and non-disability. So, we should separate these two factors to estimate the pure income gap occured by the disability. According to the results of the analysis, the reduction in income by severe disability was 47.1%, additional cost amounted to 2.0%. The reduction in income by mild disability was 28.9%, additional cost were 0.5%. Therefore, when considering the reduction in income and additional cost, we found that the needed income for the disabled should be 91.7%, 91.4% compared with the income of non-disabled. However, in reality, the realized income for the disabled was 42.7%, 61.9% of that of non-disabled. So, we assert that there is a need of income support for the disabled. If the income gap should be supported by only the disability pension then the level of disability pension shall be additionally increased 1.32 times(severe disability), 1.26 times(mild disability).","장애인, 필요소득, 추가비용, 장애연금, Disabilities, Necessary Income, Additional Costs, Disability Pension",55 ~ 82,http://kiss.kstudy.com/search/detail_page.asp?key=3142660
30,한국 노동시장과 사회적 보호의 내부자-외부자 균열: 공적연금지출에 대한 인식을 중심으로,"김수완 ( Soo Wan Kim ) , 안상훈 ( Sang Hoon Ahn )",한국사회보장학회,사회보장연구,29,2,2013,1225-5866,"본 연구는 노동시장(고용)과 사회적 보호(제도)에서의 내부자-외부자 균열을 중심으로 한국인의 연금지출에 대한 태도와 그 결정구조를 파악하고자 하였다. 이론적으로는 노동 시장에 기반한 포괄적인 차원에서의 계급 중심적 시각에 더해, 복지 중심적인 복지지위론이 복지국가의 균열과 어떤 관계에 있을지를 한국의 맥락에서 적용하고자 하였다. 임금근로자를 대상으로 분석한 결과, 노동시장의 이중구조와 사회적 보호의 이중구조 간에 유의미한 인과성이 확인되었다. 동시에, 노동시장 외부자일수록, 사회보험 내부자일수록 연금지출확대를 더 지지하는 것으로 나타났다. 또한 사회보험 이중구조의 효과가 노동시장 이중구조의 영향을 어느 정도 완화시키는 효과를 가지는 것으로 나타났다. 요컨대, 복지국가의 발전이 잉태한 다중적 이해관계의 균열이란 계급 범주만으로는 완벽하게 포착 할 수 없으며, ``복지 수혜여부(가능성)``를 함께 고려해야 전체적인 구조를 보다 완결적으로 파악할 수 있다는 것이 본 연구의 주된 결론이다.","This study investigated the effects of insider-outsider cleavages on the public attitudes towards public pension spending. From the theoretical point of view, class-based perspective vis-a-vis welfare status perspective were respectively applied to examine insider-outsider cleavages in both labor market and social protection. The hypotheses were quantitatively tested using the technique of path analysis about the 5th wave of Korean Welfare Panel data (2010). The results suggests that labor market outsiders or social protection insiders support public pension spending more than labor market insiders or social protection outsiders. This is so, in spite of the positive effect of being labor market outsiders on social protection. Futhermore, the effect of dual social protection cleavages was proved to be stronger than that of dual labor market cleavage. Consequently, this study reassures the validity of welfare status perspective in explaining the complicated interests to the welfare state.","내부자-외부자, 노동시장 이중구조, 사회적 보호 이중구조, 공적연금지출, 복지인식, Insider-Outsider, Dual Labor Market, Dual Social Protection, Public Pension spending, Public Attitude",83 ~ 103,http://kiss.kstudy.com/search/detail_page.asp?key=3142661
31,산재보험 지불준비금의 적정 규모에 관한 연구,"김진수 ( Jin Soo Kim ) , 정창률 ( Chang Lyul Jung ) , 이윤진 ( Yoon Jin Lee )",한국사회보장학회,사회보장연구,29,2,2013,1225-5866,"적정 수준의 지불준비금의 확보는 한편으로는 산재보험의 안정적 운영을 위해서, 다른 한편으로는 기업의 과다한 부담을 막기 위해서 필수적인 정책 과제이다. 장기급여 도입이후 우리나라 산재보험 지불준비금 규정은, 최근의 변화에도 불구하고, 적정 수준인지 아닌지에 대한 검토는 부재하였다. 부과방식을 채택하고 있는 산재보험을 완전적립방식으로 전환하자는 주장이 거듭되었지만, 이는 자칫 기업의 부담만 가중시킬 수도 있다. 본 연구는 우리나라와 동일하게 산재보험을 사회보험으로 운영하고 있는 국가 중 각각의 특징을 달리하는 독일, 오스트리아, 스위스의 세 국가의 사례를 바탕으로 제도적 분석 및 계량적 분석을 통하여 한국 산재보험 지불준비금의 적정성을 검토하였다. 제도 분석은 일반적으로 사용되는 제도간 비교 분석을 실시하였고, 계량 분석은 quantile 분석을 사용한다. 본 연구의 결과는 먼저 현재 한국의 산재보험의 지불준비금 규모는 선진국과 비교 할 때 안정적이며 적정한 규모이고, 둘째, quantile 분석결과 산재보험수지차가 지불준비금을 초과할 가능성은 사실상 없는 것으로 분석되었다. 따라서 현재 산재보험의 지불준비금 방식을 수정할 필요성은 낮은 것으로 판단하였다.","This study aims to examine the appropriate size of reserve funds for the sake of the stable Industrial Accident Compensation Insurance (IACI). The academic approaches to estimate the sound scale of the reserve fund have not been existed although the stipulation of the reserve fund changed recently. This study examined the system of three countries - Germany, Austria, and Switzerland - that have different characteristics in terms of system design of IACI, comparing them by using institutional and quantitative analysis(quantile analysis) in order to examine the appropriateness of the current IACI reserve funds in Korea. The result shows that first, the scale of reserve funds for the IACI in Korea is relatively stable and second, there is virtually no possibility that the difference of revenue and expenditure of the IACI may exceed the reserve funds.","산재보험, 재정, 지불준비금, 부과방식, 적립방식, 적정성, industrial accident compensation insurance, reserve fund, finance, full-funded system, pay-as-you-go financing",105 ~ 134,http://kiss.kstudy.com/search/detail_page.asp?key=3142662
32,"중,고령자의 은퇴리스크 추정을 위한 기초연구","김헌수 ( Hon Soo Kim ) , 석상훈 ( Sang Hun Seok )",한국사회보장학회,사회보장연구,29,2,2013,1225-5866,"본 연구는 은퇴 예정자들의 노후준비 정도를 지표화하기 위해 목표소득대체율과 예상 소득대체율을 보다 객관적이고 체계적인 방법으로 측정하였다. 측정결과에 의하면, 목표소득대체율은 약 75% 수준이나 예상소득대체율은 약 57%∼64%로 우리나라 중·고 령자의 은퇴 준비정도는 매우 미흡하다는 사실을 확인하였다. 추정된 목표소득대체율은 생애주기가설에 입각한 소비의 평활화(consumption smoothing) 관점에서 벗어나 은퇴 전후 소비수준의 하락현상을 고려하여 분석한 결과, 기존 연구의 결과들과 큰 차이가 없었으나 예상소득대체율은 국민연금 가입여부에 따라 차이가 발생하였다. 이러한 분석결과는 국민연금이 은퇴 후 노후소득에서 차지하는 비중이 적지 않다는 점과 향후 국민연금의 소득대체율이 점진적으로 하락하는 상황에서 공사적연금간 상호보완적인 다층적 노후소득보장쳬계의 구축이 시급하다는 점을 시사한다.","To measuring the level of readiness of retirement life of pre-retirees, this study has focused on the method to estimate a targeted replacement rate and an expected replacement rate with more subjective and systematic way. Our findings are as follows: First, the readiness of retirement life of the middle and old age in Korea is not enough to pursue normal and stable retirement life. We estimated 74.5 of the targeted replacement rate of salary household and around 57∼64% of the expected replacement rate. Second, in the case of the targeted replacement rate, we considered the phenomenon that the consumption level before and after retirement could be substantial instead of taking the consumption smoothing hypothesis based on the life time utility maximization. Our results were not different with the results of the previous research. Third, the expected replacement rate is a little bit sensitive on whether an individual enrolls in the National Pension. It implies that many retirees may largely rely their retirement income on the National Pension benefits for retirement income and we need to build multi-level retirement income system as soon as possible under the circumstance of gradual decline of replacement rate of public pension.","은퇴준비, 은퇴리스크, 목표소득대체율, 예상소득대체율, retirement readiness, retirement risk, a targeted retirement replacement rate, a expected retirement replacement rate",135 ~ 165,http://kiss.kstudy.com/search/detail_page.asp?key=3142663
33,동질혼이 가구소득불평등에 미치는 영향: 교육적 동질혼 및 직업적 동질혼을 중심으로,"석재은 ( Jae Eun Seok ) , 노혜진 ( Hye Jin Noh )",한국사회보장학회,사회보장연구,29,2,2013,1225-5866,"본 연구는 한국 사회에서 소득불평등과 양극화가 심화되는 영향 요인의 하나로 동질혼에 초점을 맞추었다. 특히 Kalmijn(1991)의 지적과 같이, 동질혼이 부모의 사회경제적 지위를 중심으로 한 귀속적 동질혼에서 자신과 배우자의 교육과 직업을 중심으로 한 성취적 동질혼으로 이동하고 있다는 데 주목하고, 성취적 동질혼에 연구의 초점을 두었다. 여성의 경제활동 증가 및 노동시장 양극화가 동질혼과 결합되어 가구소득 불평등에 미치는 영향을 분석하기 위하여, 교육적 동질혼 뿐만 아니라 직업적 동질혼까지 동질혼의 개념을 확장하여 분석하고 있다. 교육적 동질혼과 직업적 동질혼이 미치는 소득불평등 영향을 파악하기 위해서는 여성의 경제활동이 전제가 되는 맞벌이 부부를 대상으로 분석하는 것이 타당하므로, 본 논문은 경제활동기 맞벌이부부를 대상으로 교육 및 직업 등 개인의 성취적 동질혼이 가구소득에 미치는 영향을 분석하였다. 동질혼의 소득불평등에 대한 영향을 분석하기 위해, 분위회귀분석(quantile regression analysis)을 통해 소득분위가 증가하는 과정에서 교육적 동질혼과 직업적 동질혼이 가구소득이 미치는 한계효과를 분석 하였다. 또한, 코호트(세대)에 따라 여성의 교육수준과 여성의 경제활동 및 여성의 가구소득 기여에 상당한 변화가 있어 왔다는 점을 감안하여, 각 코호트별로 교육적 동질혼 및 직업적 동질혼이 소득불평등에 미치는 영향이 어떻게 다르게 나타나는가에 대해서도 분석하였다.","This study focused on the assortative mating as a contextual factor explaining the phenomenon of intensifying income inequality and polarization in Korea. Especially as pointed out by Kalmijn(1991), the assortative mating was paid attention on moving from ascriptive assortative mating centered on social economic position of parent to accomplished assortative marriage centered on education and occupation of oneself and spouse, and the study was focused on the accomplished assortative mating. Hence, the study analyzed the effects of individual accomplished assortative marriage such as education, occupation, etc on the household income as targeting double income at economic activity ages. As considering different education level and economic activity level, the effect of the assortative mating on household income at each cohort. Also, in order to analyze the effects of the assortative mating on income inequality, the marginal effects of the educational and occupational assortative marriage was analysed through the quantile regression analysis.","동질혼, 교육적 동질혼, 직업적 동질혼, 가구소득, 소득불평등, 분위회귀분석, 코호트, assortative mating, income inequality, educational assortative mating, occupational assortative mating, quantile regression analysis",167 ~ 195,http://kiss.kstudy.com/search/detail_page.asp?key=3142664
34,노인일자리사업 참여자의 근로자성에 대한 연구,심재진 ( Jae Jin Shim ),한국사회보장학회,사회보장연구,29,2,2013,1225-5866,"이 글에서는 근로자성에 관한 대법원의 판단기준에 따라 구체적으로 노인일자리사업 참여자의 근로자성 여부를 그 유형별로 근로관계의 실태에 비추어 판단해보았다. 그 결과로 먼저 인력파견형 일자리 사업은 직업소개에 해당하여 해당 인력파견형 사업 참여자들은 적어도 수행기관의 근로자에 해당하지는 않는다고 확인하였다. 수행기관은 직업소개의 역할만을 할 뿐 근로자파견에서 파견사업주와 같이 사업참여자들과 고용관계를 유지하고 있지 않기 때문이다. 이 글에서는 두 번째로 인력파견형 일자리 사업을 제외하고, 모든 유형의 일자리 사업 참여자들이 수행기관의 근로자에 해당한다고 판단했다. 그 중에서도 공익형, 복지형, 교육형은 대법원이 제시한 근로자성 판단기준 모두를 만족시켜 이들이 근로자에 해당한다는 점은 적어도 근로관계의 실태의 면에서는 논쟁의 여지가 없을 정도로 명확해 보인다. 다음으로 시장형 일자리사업 참여자의 경우는 공익형, 복지형, 교육형과 달리 고려해야 할 측면이 있었다. 그것은 시장형 일자리사업은 외관상으로 그 사업의 운영이 회원들 전체가 평등하게 참여하고 결정하는 형태로 이루어지고, 보수 또한 매출이나 수익의 결과에 따라 달라지는 것처럼 보이기 때문이다. 이러한 점들은 시장형 일자리사업 참여자들이 근로자가 아닌 자영업자로 볼 수 있는 여지를 준다. 그러나 실제의 근로관계 실태를 살펴보면, 시장형 사업 참여자들은 사업단의 운영에서 수행기관의 전임인력이나 담당자의 지휘·감독을 받아 업무를 수행한다. 그리고 시장형사업 참여자들도 월별로 고정된 급여를 받을 뿐만 아니라, 수익이 전혀 없는 경우도 정부에서 지원한 예산에서 고정적으로 급여가 지급될 수 있도록 되어 있다. 이러한 점에 비추어 봤을 때 시장형 일자리사업 참여자들도 수행기관 소속의 근로자에 해당한다고 볼 수 있는 것이다.","This article, in accordance with the judgment of the Supreme Court about the definition of an employee, examines whether the participants in the Elderly Job Supporting Program(EJSP) is employees, based on the actual situation of their employment relationship. As a result, the first type of the elderly(dispatched-worker type) is not an employee of their agency because the agency simply does job placement and it does not pay those dispatched. This article concludes that with the execption of the dispatched-worker type, all the four types of particpants (Gonik-typ, Bokji-typ, Kyoyuk-type, Sijang-type) in the EJSP are employees of the operating agencies of the EJSP. the second, except for staffing jobs, business and concludes that workers in institutions of all types of jobs performed by the project participants. It has proved that the three types of particpants(Gonik-typ, Bokji-typ, Kyoyuk-type) are definitely employees without any doubt left since their actual employment relationships satisfies all the criteria which the Scupreme Court uses in deciding whether persons concerned are employees. The process of judging whether the Sijang-type participants are employees is rather complicated because they appears self-employed according to constitutions of the operating agencies. The constitutions provides that all the participants are equal in deciding every matter of the agencies. It seems that the payment of the participants depends on the turnover of the agencies. However on a closer look of their actual employment relationship, they are all controlled by the agencies while they are working. Unlike their constitution, they are paid a fixed amount monthly. Even where the agencies have no avenue, the participants are paid through governmental budget funded to the agencies. Since the Supreme Court decides the employment status of persons concerned, relying on their actual employment relationship, the last type of participants are employees.","노인일자리사업, 근로자, 고용관계상 지위, Employee, Worker, Elderly Job Supporting Program, Employment Status",197 ~ 235,http://kiss.kstudy.com/search/detail_page.asp?key=3142665
35,빈곤의 시간적 차원 분석에 기반한 빈곤정책적 함의,이병희 ( Byung Hee Lee ),한국사회보장학회,사회보장연구,29,2,2013,1225-5866,"이 글은 시간적 차원의 빈곤집단 분석을 통해 빈곤정책의 쟁점을 검토하였다. 이를 위해 한국복지패널 2005∼2011년 자료를 이용하여 빈곤이력에 따라 빈곤가구를 유형화하였다. 첫째, 기초보장의 사각지대가 큰 한편으로 빈곤경험기간에 비해 기초보장 수급이 더긴 가구도 적지 않은 것으로 나타나, 기초보장의 사각지대 해소 노력과 함께 수급가구 선정의 개선도 필요하다. 둘째, 빈곤계층은 취업하더라도 저임금 일자리를 벗어나기 어렵고 실직 위험이 높기 때문에, 더 나은 일자리로의 이행을 지원하는 고용안전망 구축이 요구된다. 셋째, 빈곤경험가구는 주거, 의료, 교육과 같은 지출 부담이 과중한 것으로 나타난다. 사회정책의 대표적인 욕구영역에 사회적 지원이 이루어질 경우 빈곤을 벗어나는 가구의 비중이 적지 않은 것으로 추산되어, 욕구별 급여의 도입이 필요한 것으로 나타난다. 이상의 분석결과는 빈곤계층의 특성에 맞게 빈곤정책을 다양화할 필요가 있음을 시사한다. 지속빈곤가구에 대한 소득보장을 강화함과 동시에 반복·일시적 빈곤경험가구에 대한 활성화 정책과 욕구별 급여의 도입이 요구된다.","This paper seeks to evaluate poverty policies in terms of time dimension of poverty. Using Korea Welfare Panel Survey 2005∼2011, I categorize four types of poverty profiles: the persistent non-poor, the transient poor, the recurrent poor and the persistent poor. First, while the 73.9% of the persistent poor faces the chronic poverty, 62.7% of them haven`t benefited from the public assistance during seven years. On the other hand, those who benefited more than three years from the public assistance among the transient poor amounted to 12.3%. This shows that efforts should be devoted to further extend the reach of public assistance as well as further monitor the recipients. Second, most of the transient or recurrent poor faces the low-wage trap. The effective employment safety net is needed to tackle with difficulties of the working poor. Third, the considerable level of the poor are unsatisfied with basic needs such as housing, medical and education matters. Enlarging in-kind benefits contribute not only to meet the basic needs but also to provide work incentives.","빈곤이력, 빈곤정책, 만성빈곤, 욕구영역별 빈곤, poverty profiles, poverty policies, chronic poverty, poverty according to unsatisfied basic needs",237 ~ 259,http://kiss.kstudy.com/search/detail_page.asp?key=3142666
36,민간의료보험 가입 변동이 의료비 지출에 미치는 영향,"전보영 ( Bo Young Jeon ) , 오주환 ( Ju Hwan Oh ) , 권순만 ( Soon Man Kwon )",한국사회보장학회,사회보장연구,29,2,2013,1225-5866,"민간의료보험시장이 해마다 확대·변화되고 있는 상황에서 민간보험의 효과에 대한 논란이 많고 민간보험 가입상태의 변동이 의료이용에 미치는 영향에 대한 정책적 관심이 높다. 이에 본 연구에서는 한국의료패널 2008년 상·하반기 및 2009년 본 조사까지 유지된 6,721가구를 대상으로 2008년과 2009년 사이의 민간의료보험의 가입 개수 변동이 2009년의 외래비 및 입원비 지출에 미치는 영향을 살펴보았다. 분석방법은 2단계모형(Two-part model)을 활용하였으며 가구의 인구학적 특성, 사회경제적 특성, 가구원의 건강 상태 및 2008년에서 2009년까지 건강상태 변화를 보정한 후 민간의료보험의 효과를 측정 하였다. 회귀분석 결과 민간의료보험에 미가입 상태이거나 가입 개수를 유지한 가구에 비해 민간의료보험의 가입개수가 증가한 경우에 외래비지출 가능성과 입원비지출 가능성, 그리고 외래비지출 수준이 높았지만, 입원비지출 수준에는 유의미한 차이가 없었다. 이상의 결과를 통해 외래에 대한 수요의 탄력성이 입원보다 크기 때문에 수요자의 재량과 선택권이 강한 외래비지출 영역에서 민간보험 가입의 효과가 나타나고 있음을 확인하였다.","This study examines the effect of the changes in the status of private health insurances(PHI) on health care utilization in Korea. Using the 2008 and 2009 Korea Health Panel (KHP) data with 6,721 households, this study applied the two-part model to investigate the relationship between the PHI status and the probability of health care utilization and the amount of health care expenditure, controling for household`s demographic characteristics, socioeconomic status, and health conditions. Study results show that the additional purchase of PHI increases the probability of outpatient and inpatient care use as well as outpatient care expenditure. But there was no impact of the change in PHI status on the level of inpatient care expenditure. The add-on PHIs seem to affect outpatient care expenditure because of a higher elasticity of demand for outpatient than for inpatient care.","민간의료보험 가입 변동, 의료비지출, 한국의료패널, Transitions in Private Health Insurance Status, Health Care Expenditure, Korea Health Panel",261 ~ 288,http://kiss.kstudy.com/search/detail_page.asp?key=3142667
37,Oregon 의료개혁의 성과와 한계 -건강보험 보장성 확대를 위한 교훈,"정연 ( Youn Jung ) , 우혜영 ( Hye Young Woo )",한국사회보장학회,사회보장연구,29,2,2013,1225-5866,"우리나라 건강보험의 낮은 급여율과 이로 인한 국민들의 높은 의료비 부담은 보장성 강화에 대한 높은 사회적 관심과 요구를 낳고 있다. 누구를 그리고 무엇을 더 보장할 것인가와 함께 이제 문제는 보장성을 어떻게 확대할 것인가에 이르렀다. 본 논문에서는 Oregon 메디케이드 개혁과 실패, 그리고 그 과정에서의 성과와 한계를 살펴보고 그러한 경험이 우리나라 건강보험 보장성 확대와 관련하여 갖는 정책적 함의를 살펴보았다. Oregon의 경우 일반대중들을 보건의료서비스 우선순위 결정과정에 포함시킴으로써 사회적 요구와 가치관을 적극 반영하는 공적 보험 수립에 앞장서 왔다. 하지만 재정상황이나 의료이용자들의 반응에 대한 충분한 고려 없이 무리하게 추진한 급여대상자의 확대는 결국 Oregon의 의료개혁을 실패로 만들고 말았다. Oregon의 경험은 보장성의 확대 그 자체도 중요하지만 그것을 지속가능 하게 만들기 위해서는 의료시스템 전반의 개혁이 동시에 필요함을 시사한다.","As individual burden on medical expense has considerably increased, much debate has recently focused on issues of extending benefit coverage of National Health Insurance. In this study, we review recent reforms of Medicaid in the state of Oregon in the US and critically evaluate the outcomes. One of the essential changes in the reforms is that the Oregon government intended to extend Medicaid to more people by covering fewer services. In addition, it incorporated various social sectors, including lay persons, in prioritizing health care services covered by Medicaid. However, our review also reveals that the reforms have not been carried out successfully yet, because of several important reasons. First, utilization rates by Medicaid beneficiaries were low partly due to increased copayment for the services. More importantly, Oregon government failed to secure a sufficient budget for providing extended services through Medicaid. The Oregon Medicaid reforms provide an important empirical case suggesting that while extension of the health care services under Medicaid and inclusion of beneficiaries are still critical, we may end up following in the footsteps of Oregon if we do not implement: 1) affordable health care services that can better serve for potential beneficiaries who are in various medical needs; and 2) long term plans for sustainable financing.","Oregon 메디케이드, 보장성 강화, 건강보험, 재정, Oregon Medicaid, health care reform, coverage, financing",289 ~ 309,http://kiss.kstudy.com/search/detail_page.asp?key=3142668
38,지역사회의 참여적 속성이 사회적 고립과 식품미보장 사이의 관계에 미치는 영향에 관한 다층분석,김욱진 ( Wook Jin Kim ),한국사회보장학회,사회보장연구,29,1,2013,1225-5866,"본 연구의 목적은 지역사회의 참여적 속성이 식품미보장의 경험 가능성 및 사회적 고립과 식품미보장 사이의 관계에 미치는 영향을 검증하고 이를 토대로 지역사회 맥락효과의 존재 여부를 살피는데 있다. 자료는 2009년 서울복지패널 1차 본조사 데이터와 2006년 서울서베이 보고서 결과를 병합해 구성하였다. 분석방법에는 다층구조 자료의 분석에 흔히 쓰이는 일반화선형혼합모형을 활용하였다. 분석결과는 다음과 같다: 첫째, 식품미보장을 경험할 가능성은 지역사회 별로 다르다. 둘째, 사회적 고립은 식품미보장을 경험할 가능성을 높인다. 셋째, 지역사회의 참여적 속성은 식품미보장의 경험 가능성에 별다른 영향을 미치지 않는다. 넷째, 지역사회의 참여적 속성은 사회적 고립이 식품미보장에 미치는 정적(+) 영향을 감소시킨다. 그러나 모든 형태의 지역사회참여가 동일한 정도로 그 영향을 감소시키는 것은 아니다. 사회적으로 고립된 취약계층의 식품미보장율을 현저히 떨어뜨리는 지역사회참여 유형은 마을자치와 관련된 주민활동(예: 반상회, 아파트주민총회)뿐이다. 조사결과는 식품미보장 문제를 해결하기 위해 지역사회참여 수준을 높이려는 정책적, 실천적 노력은 그 대상이 사회적 고립계층이고 그 내용은 마을자치활동을 강화하는 것이어야만 효과적 대책이 될 수 있음을 보여준다. 따라서 지역사회 맥락효과는 존재하긴 존재하나 제한적으로 존재한다고 결론지을 수 있다.","This study aims to examine the effects of participatory nature of community on food insecurity and the relationship between social isolation and food insecurity to determine the existence of contextual effect of neighborhood. Data were obtained from two sources - Wave I (2009) of the Seoul Welfare Panel Data and the 2006 Seoul Survey Final Report - which were later merged for analysis. For multi-level analysis, a Generalized Linear Mixed Model approach was used. Findings are to follow. First, the probability of experiencing food insecurity varies across communities. Second, social isolation increases the probability of experiencing food insecurity. Third, participatory nature of community makes little impact on the probability of experiencing food insecurity. Fourth, participatory nature of community weakens the positive effect of social isolation on food insecurity. However, not all types of residents` participation have equal negative moderating effects: only participatory activities related to neighborhoods self-governing (e.g., neighborhood meetings or apartment-complex meetings) have the substantial effect to decrease food insecurity rates of the socially isolated. Findings suggest that policy interventions and practice efforts to promote residents` participation in order to address food insecurity can be successful only when they target the socially isolated populations, simultaneously strengthening neighborhoods self-governing capacities. In brief, the conclusion of this study is that the neighborhood contextual effects do exist only in a considerably limited form.","맥락효과, 지역사회효과, 식품미보장, 사회적 고립, 건강불평등, contextual effects, neighborhood effects, food insecurity, social isolation, health disparities",1 ~ 32,http://kiss.kstudy.com/search/detail_page.asp?key=3130158
39,"직업병의 복지정치 비교 연구: 영국과 한국에서 진폐증의 발생, 발견 그리고 보상을 중심으로",유범상 ( Bum Sang Yoo ),한국사회보장학회,사회보장연구,29,1,2013,1225-5866,"본 논문은 산업화시대의 대표적인 직업병인 탄광부 진폐증의 발생, 발견 그리고 보상을 둘러싼 복지정치를 영국과 한국의 비교를 통해 살펴본다. 진폐재해자는 전직 광산노동자였고, 현재 노인, 장애인, 빈곤층, 산재환자 등 복합적인 질병을 가진 사회복지 대상군이다. 따라서 이들에게 발생한 진폐증의 인식과 보상제도 형성을 둘러싼 복지정치는 한 국가 복지정치의 특징을 잘 보여준다. 또한 한국과 영국은 진폐증의 발생, 발견 그리고 보상이 매우 유사하면서도 많은 차이를 갖고 있다. 따라서 두 국가의 비교를 통해 한국의 복지정치에 주는 함의가 클 것으로 기대된다. 연구결과, 영국의 직업병의 복지정치는 전형적인 사회적 조합주의의 원형을 보여준 반면 한국은 정치적 빈곤현상을 나타냈다. 즉 영국은 노동조합과 이와 연관된 정당이 주도적으로 참여하는 계급정치를 통해 직업병의 문제를 해결했다. 이 과정에서 영국의 노동 정치는 제도적 사회복지를 만들었다. 반면, 한국은 노동조합이 취약한 가운데 이익집단이 정치의 주도권을 행사하면서, 복지정치는 불신과 잔여적 사회복지 제도로 귀결되었다.","The objective of this thesis is to explore the occurrence, discovery and compensation of pneumoconiosis in Britain and Korea in terms of social policy and welfare politics of occupational disease for pneumoconiosis patients. Korean welfare system apart from industrial injuries schemes is limited and residual while British one is relatively institutional. Thus, the Korean pneumoconiosis patients strongly want to remain under caring of the Industrial Accident Compensation Insurance Act and the Act on the Prevention of Pneumoconiosis and Protection, Etc., of Pneumoconiosis Workers. Regarding welfare politics, the differences is in role of trade unions. In Britain, the unions have substantially represented and are still representing mineworkers and pneumoconiosis patients whereas in South Korea, the unions have supported the Government, even employers and do not represent the interest of pneumoconiosis patients. Therefore, pneumoconiosis patients created their own organizations in South Korea and the main politics in Korea is subjected to pressure group politics compared to class politics in Britain. Likewise, the poverty of welfare politics in Korea results in distrust toward welfare system and actors.","직업병, 산업복지, 노동정치, 진폐증, 진폐재해자, 산재보험, 사회복지정책, welfare politics, occupational disease, pneumoconiosis patient, Labour politics",33 ~ 57,http://kiss.kstudy.com/search/detail_page.asp?key=3130159
40,산업재해보상보험의 장해보상 연금과 일시금 지급체계의 합리화 방안,"류근옥 ( Keun Ock Lew ) , 마승렬 ( Seung Ryu Ma )",한국사회보장학회,사회보장연구,29,1,2013,1225-5866,본 연구에서는 산재보험의 장해보상 연금과 일시금 지급체계 사이의 보상현가(現價)차이를 분석하고 특히 장해7급으로 연금을 지급받는 자와 장해8급으로 일시금을 받는 자 사이에 보상 수준의 형평성 문제를 심층 분석한다. 이러한 분석을 토대로 본 연구에서는 산재보험의 장해등급 간 그리고 다른 공적 제도들과의 비교에서 형평성을 향상하면서 재정적으로도 수용 가능한 개선안을 제시한다. 또한 장해8급~장해14급으로 판정받은 피재 근로자들에게도 연금을 지급하는 방안을 제안하며 이로 인해 추가되는 재정부담 문제는 현재 보상수준이 과도하게 높은 장해1급∼장해7급까지의 지급률을 하향 조정함으로써 해결될 수 있음을 제시하였다.,"The paper analyzes unfair gap in the present values of benefits paid to different classes of the disabled in the worker`s compensation insurance program. In particular, the study focuses on unfairness in benefits paid to class 7 disabled workers who receive benefits in the form of pension and class 8 disabled workers who can not but take them in a lump sum. From the analysis results, the paper suggests a better and financially feasible alternative which can reduce the unfairness between different classes of disability. The payment scheme of the worker`s compensation insurance is also examined in comparison with those of the other public insurance programs to highlight unfair difference in benefit levels. In addition, this study recommends that a pension-type benefit should be also given to the less disabled workers who are assigned to class 8 through class 14. It is also shown that an increased financial burden created for improving benefits of the less disabled classes can be offset by reducing excessive benefits currently being paid to the highly-disabled workers assigned to class 1 through class 7.","산재보험, 사회보장, 연금, 일시금, 장해등급, workers` compensation insurance, social security, pension, Lump sum, disability class",59 ~ 88,http://kiss.kstudy.com/search/detail_page.asp?key=3130160
41,흡연자의 금연결정과 성공요인에 관한 연구 -금연정책에 대한 함의,전형준 ( Jeon Hyung Joon ),한국사회보장학회,사회보장연구,29,1,2013,1225-5866,"본 연구에서는 합리적 중독모형과 자기통제이론을 통해 흡연자의 금연행동을 설명하고자 한다. 즉, 흡연자의 합리성은 금연 결정에 중요한 역할을 하는 반면에 금연이 성공할지 실패할지는 자기통제와 사회경제적인 특성들에 의해 영향을 받는 다는 것을 보이고자 한다. 국민영양건강조사 자료(2005, 2007~2010)를 이용하여 흡연관련변수와 금연 의사 결정과 금연 성공의 관계를 알아보고 2005년 단년도 자료를 이용하여 금연정책(가격정책과 규제정책)의 유효성을 제시하고자 한다. Heckman`s mills ratio가 통계적으로 유의한 결과를 보여 금연 시도의 의사결정과 금연 성공 여부의 과정은 서로 분리되어 일어나지 않음을 통계적으로 확인하였다. Heckman`s Sample Selection Model을 이용하였으며 그 결과는 금연 성공률을 높이기 위해서는 지속적인 담배소비세의 인상과 흡연규제정책의 강화와 같은 외부적인 통제를 통해 자기통제 문제를 갖고 있는 흡연자에게 금연을 유도하는 정책이 필요함을 시사한다.","In this paper I tried to explain the no-smoking behavior of smokers by using the rational addiction theory and self-control theory. That is, I tried to show that the smoker`s rationality is important for no-smoking decision and the success probability of no-smoking is affected by self-control and the social and economic characteristics. I tried to find the relationship between smoking related variables and no-smoking decision or the success probability of no-smoking by using the national nutrition and health data(2005, 2007-2010). I also tried to suggest the effectiveness of no-smoking policy(price policy and regulatory policy) by using tha data of 2005. In my estimation the Heckman`s mill`s ratio is statistically significant. That is, I confirmed that no-smoking decision and no-smoking success is not separately happened. The result of Heckman`s sample selection model showed that the extrinsic control such as higher cigarette tax and smoking regulatory policy is necessary for smoker`s no-smoking efforts.","공공규제, 자기통제, 합리적 중독, rational addiction, self-control, regulatory policy, price policy",89 ~ 103,http://kiss.kstudy.com/search/detail_page.asp?key=3130161
42,장애인차별금지와 정당한 편의제공의무,심재진 ( Jae Jin Shim ),한국사회보장학회,사회보장연구,29,1,2013,1225-5866,"차별금지조항 특히 정당한 편의제공의무와 관련하여 법원에서 다투어진 최초의 사례인 평석대상 사건은 법제도의 운영과 해석에 있어 시사점을 주기보다는 그 한계를 역설적으로 드러내주었다. 구체적으로 법원은 직접차별금지와 정당한 편의제공의무의 관계를 잘못 이해하고 있다. 장애인차별금지법의 체계적인 해석상 정당화 사유 중의 하나인 ``과도한 부담이나 현저히 곤란한 사정``은 ``정당한 편의제공의무``의 정당화 사유로서만 존재하고, 직접차별금지에서는 이것이 적용될 수 없다. 이 글은 더 나아가 X에 대한 목욕탕 입장거부에 대해 정당한 편의제공의무가 적용되지 못하는 현행 장애인차별금지법의 문제점을 단계적으로 살펴본다. 첫째로 현행 차별금지법은 정당한 편의제공의무에만 적용제외나 단계적 실시를 두고 있는데, 미국이나 영국에 비해 적용제외범위가 지나치게 넓고 단계적 실시기간이 지나치게 길다. 그리고 현행법은 장애인차별금지조항의 핵심이라고 할 수 있는 정당한 편의제공의무만을 대상으로 단계적 실시 및 적용제외대상으로 하고 있어 그 결과로 차별금지조항 전체의 실효성을 약화시키고 있다. 둘째로 미국이나 영국과 달리 현행법은 총칙조항의 정당한 편의제공의무의 정의와 어긋나게 각 영역별 정당한 편의제공조항에서 한정적 열거방식으로 정당한 편의제공의무의 내용을 정하고 있다. 그 결과로 이번 사건에서와 같은 인적 서비스는 시설물과 관련한 편의제공의무에 해당하지 않게 되었다. 셋째로 이 글은 ``과도한 부담이나 현저히 곤란한 사정``의 판단기준을 대략적으로 제시한다. 장애인차별금지법 규정의 해석, 다른 차별금지법 규정과의 비교, 그리고 ``합리성``과 ``비례성`` 혹은 ``합리성``과 ``정당성``을 구별하고 있는 한국 법원의 판례 등 을 종합하면, ``과도한 부담이나 현저히 곤란한 사정``은 그 엄격성의 정도가 상당히 높아야 한다. 또한 ``과도한 부담이나 현저히 곤란한 사정``과 관련하여 정부의 지원가능 여부나 그 지원의 정도를 감안하여 해석하여야 한다.","Firstly this article analyses and assesses the first court case since the enforcement of the Prohibition of Disability Discrimination Act (PDA) in 2008. The court`s judgements shows that it misunderstood the relationship between direct discrimination on the grounds of disability and the duty of just accommodation. Unlike the court`s judgements, the undue hardship clause has not to be applied where it is decided whether direct discrimination on the grounds of disability is justified. This is because the courts` interpretation on the clause in which, as a matter of fact, the duty of just accommodation is imposed, is contrary to the effect that the Act intends to implement such duty gradually. Despite this misinterpretation, the court held that direct discrimination on the grounds of disability in this case was justified, although helping the blind person to use the health spa would not put undue hardship on its owner. This second misinterpretation took place because the court did not distinguish between undue hardship and hardship. Although this article is critical of the rationale for the court`s judgement, it maintains that direct discrimination on the grounds of disability in the case is justified because the Act allows the owner of the spa to refuse the blind person to enter on the grounds that even simple hardship on the owner can be a justifiable reason for the refusal as a result that the duty of just accommodation clause applies with significant exceptions in its scope. Having found that the duty of just accommodation is not available for the blind person under the PDA, this article proposes three problems of current provisions on the duty of just accommodation by means of comparison with disability discrimination law in the UK and the US. Firstly, the PDA allows the duty of just accommodation clause both not to apply to some areas and to gradually be enforced. As a result, the scope of exclusion of the duty of just accommodation clause is very broad. Moreover it allows only the duty of just accommodation clause not to be applied. Secondly, the PDA adopts exhaustive list of the duty of just accommodation. This means that there is no duty if it is not listed in the PDA or the Executive Order even though, like this court case, it can be done without undue hardship. Thirdly, the PDA lacks criteria for judging whether measures in question gives rise to undue hardship. This article suggests that the criteria should be strict given the fact that the Act requires ``just accommodation``, not ``reasonable accommodation``, for instance, in the UK law.","장애인차별금지법, 장애인차별, 정당한 편의제공, 합리적 편의제공, 과도한 부담, 현저히 곤란한 사정, the Prohibition of Disability Discrimination Act, Disability Discrimination, the Duty of Just Accommodation, the Duty of Reasonable Accommodation, Undue Hardship",105 ~ 133,http://kiss.kstudy.com/search/detail_page.asp?key=3130162
43,센의 인간실현력(Human capability) 관점에 근거한 노인일자리사업의 효과성 분석,최혜지 ( Hye Ji Choi ),한국사회보장학회,사회보장연구,29,1,2013,1225-5866,"본 연구는 노인일자리사업의 효과성이 노인의 복지증진이라는 궁극적 목적에 기초해 평가되어야 한다는 문제의식과 선행연구의 이론적, 방법론적 한계에 대한 문제제기로부터 출발했다. 경제적 정보에 의존한 정책평가의 한계를 비판하고 인간의 존재적 역량에 집중한 정책평가의 개념적 틀을 제공한 인간실현력 관점에 근거해 노인일자리사업의 효과성을 분석하고자 했다. 비례층화표집을 통해 추출된 노인일자리사업 참여자와 대기자 1000명의 자료를 구조방정식모형을 이용해 분석했다. 분석결과 구조모형의 적합도는 비교적 높았으며 노인일자리사업은 신체적, 심리적, 정신적 성취기능에 정적으로 유의미한 영향을 미치는 것으로 나타났다. 또한 노인일자리사업은 개인소득을 매개로 심리적, 정신적, 사회적, 경제적 성취기능에 간접적으로 유의미한 영향을 미치는 것으로 분석되었다. 끝으로 본 연구결과의 이론적 함의와 한계에 대해 논의했다.","This study initiated from the notions that evaluation on effects of the Senior Job Security Project had to be focused on well being of the attendants which was the ultimate aim of the project, well as that theoretical and methodological limitations of previous studies. The purpose of this study was to evaluate effects of the Senior Job Security Project based on Sen`s Human Capability which emphasized capability to select and realize what he/she wanted to do or being. This study used data from 1000 project attendants or those who were on the waiting list. Structural Equation Modeling was used to analyze the data. The results of this study showed that the project positively and directly impacted on physical, psychological, and mental achieved functioning of the subjects. Also, indirect impacts of the project on psychological, mental, social, and economic achieved functioning through personal income were confirmed. Theoretical implications and limitations of this study were discussed.","Sen, 인간실현력, 인간능력관점, 노인일자리, 노인복지, Sen, Human capability, Senior Job Security Project, Policy evaluation",135 ~ 166,http://kiss.kstudy.com/search/detail_page.asp?key=3130163
44,우리나라 가계의 은퇴동향지수-전망지수와 평가지수,"최현자 ( Hyun Cha Choe ) , 주소현 ( So Hyun Joo ) , 조혜진 ( Hye Jin Cho ) , 김민정 ( Min Jeung Kim ) , 김정현 ( Jung Hyun Kim )",한국사회보장학회,사회보장연구,29,1,2013,1225-5866,"최근의 은퇴설계에 대한 전사회적인 관심과 노력에도 불구하고, 자신의 노후를 경제적, 심리적으로 대비하지 못한 채 은퇴를 하는 사례가 속출하여 사회적인 우려가 증대되고 있다. 또한 은퇴설계를 주로 재무적 측면에서 접근해 왔던 과거와는 달리 생활의 전 영역을 포괄하는 관점에서의 은퇴설계가 주목받고 있으며, 비은퇴자 대상의 은퇴준비 현황을 파악하는 것에서 더 나아가 비은퇴자의 미래 은퇴생활에 대한 전망과 은퇴자의 실제 은퇴생활에 대한 평가도 또한 은퇴설계의 관심 영역이 되었다. 이에 따라 본 연구에서는 생활의 재무적, 비재무적 측면을 종합하고 비은퇴자의 은퇴 전망과 은퇴자의 은퇴평가를 모두 나타낼 수 있는 은퇴동향지수를 개발하고 측정하였다. 20대~60대의 비은퇴자 및 은퇴자 1,994명(비은퇴자 1,776명, 은퇴자 218명)의 자료를 이용하여 은퇴동향지수를 측정하였다. 그 결과, 은퇴전망지수에 비해 실제 은퇴생활에 대한 평가인 은퇴평가지수가 훨씬 더 낮은 경향을 보였고, 은퇴전망지수와 은퇴평가지수 간격차가 재무 영역과 일 영역에서 가장 큰 것으로 나타나 그 두 가지 영역에 집중한 은퇴자 복지 증진 방안이 필요함을 시사하였다. 또한 교육 수요가 남은 어린 자녀의 존재는 은퇴기 생활만족도를 저해하고 있고, 가구원 수 혹은 자녀수가 많다는 것은 은퇴생활의 만족감에 긍정적인 영향을 미치는 것으로 나타났으며, 적절한 소득 흐름과 자산의 보유는 은퇴생활 만족도와 깊은 연관을 가진 것으로 나타났다. 이러한 연구결과들은 금융기관, 은퇴설계교육, 정책입안 등에 실용적 함의를 제공할 수 있으며, 소비자들이 자신의 은퇴설계에서 어느 부분에 집중하여야 할 것인지에 관한 가이드라인을 제시해 줄 것으로 기대된다. 마지막으로 본 연구의 결과를 기반으로 후속 연구에 대한 몇 가지 제언을 하였다.","Even though the acceleration of social interests and effort for retirement planning, there are still so many people who retire without enough preparation for the retirement life. The view to encompass financial and non-financial issues in retirement planning is getting wide attention, and, pre-retirement people`s prospect for retirement life and retiree`s assessment of their own life are coming into the spotlight as well as the preparation for retirement life. Thus, this study developed the retirement sentiment index in all of the components of life which represents the prospect and the assessment for the retirement life. The key findings were as follows: First, the retirement assessment indexes were much lower than the prospect indexes in most of the components of life, except the components of health and leisure. Second, the gap between the prospect indexes and the assessment indexes were biggest in the components of finance and work. Third, having little children lowered the satisfaction of retirement life, while the number of family member had positive effect for the assessment of retiree`s life. And, having proper income and wealth were associated with the satisfaction of life in retirement. These findings have practical implications for financial institution, the education of retirement planning, and policy making as well as retirement planning strategies for individuals.","은퇴, 은퇴설계, 종합은퇴지수, 은퇴동향지수, 은퇴전망지수, 은퇴평가지수, Retirement, Retirement Planning, Comprehensive Retirement Index, Retirement Sentiment Index, Retirement Prospect Index, Retirement Assessment Index",167 ~ 197,http://kiss.kstudy.com/search/detail_page.asp?key=3130164
45,국민연금 부채벤치마크지수를 이용한 국민연금 자산구성의 효율성 분석,"정문경 ( Mun Kyung Cheong ) , 성현모 ( Hyun Mo Sung )",한국사회보장학회,사회보장연구,29,1,2013,1225-5866,"2008년도 금융위기이후 해외연기금들은 수익률 감소와 자산 감소 및 적립률의 감소로 연금 운용 목표 및 자산배분이 적절한 가를 재검토하는 과정에서 미래 지급할 급여에 맞게 부채를 자산운용의 자산배분 및 평가의 기준으로 삼을 필요성이 생겼다. 국민연금 자산구성의 효율성을 평가하기 위해 본 연구에서는 우선, 국민연금의 부채벤치마크를 추정하였고, 국민연금부채를 기준으로 현행 포트폴리오를 평가하였다. 국민연금 부채는 측정일 현재 코호트별(성별, 연령별) 가입자와 수급자의 발생부채를 미래예상급부 방식(Projected Benefit Obligation: PBO)으로 산출하고 이를 바탕으로 코호트별 부채가치를 산출하여 시가총액으로 가중 평균함으로 국민연금의 부채벤치마크를 추정하였다. 국민연금의 자산과 부채의 성과를 비교해 볼 때 2007년부터 2009년까지 국민연금 부채지수의 연평균 수익률은 2.9%이고 표준편차는 29.5%이며 동기간 중 국민연금기금의 투자수익률은 5.2%이고 표준편차는 5.5%이다. 따라서 국민연금기금의 투자수익률이 국민연금 부채벤치마크 수익률보다 2.3% 높고, 국민연금기금의 위험은 부채벤치마크보다 적은 것을 알 수 있다. 그러나 국민연금기금의 자산위험은 5.5%인데 반해 국민연금기금의 부채위험은 29.5%로 높은 수준이고, 부채 대비 초과수익률의 위험도 28.1%로 매우 높은 수준에 있다. 이는 국민연금기금의 포트폴리오가 국민연금부채의 변동성 위험을 관리하는데 적절하지 못하기 때문이다. 이에 대한 대책으로 국민연금기금 현재 자산구성에다 만기가 긴 국민주택 채권2종지수를 추가로 포함시켜 가상의 국민연금기금 자산을 구성할 경우 국민연금 부채에 대한 국민연금기금의 위험관리 효율성을 높일 수 있다.","After the financial crisis in 2008, national pension agencies in many countries re-examined their fund operation goals and asset allocation because of decrease in their asset and profitability and found a need to develop the liability index to monitor and evaluate their future liabilities. In this study, we use Blocker, Kotlikoff, and Ross(2008) model to calculate the liability benchmark index. First, we estimate liabilities of participants and beneficiaries for each cohort accrued to date by projected benefit obligation method and estimate the liability benchmark index of national pension fund by getting average value of total liability value of each cohort weighted by corresponding liability value. Comparing the profitabilities of assets and liabilities of the national pension fund during the period between 2007 and 2009, the average annual profitability of liability index is 2.9%, and the standard deviation is 29.5%, while the average annual profitability of the national pension assets is 5.2%, and the standard deviation is 5.5%. Therefore, the profitability of the national pension assets is higher than that of the national pension liability benchmark index by 2.3% and the risk of the national pension assets is lower than that of the national pension liability benchmark index. The risk of the national pension assets is 5.5%, but the risk of the national pension liability benchmark index is 29.5%, which is much higher than that of the national pension assets. In addition, the surplus risk level of the national pension assets in consideration of its liabilities is 28.1%, which is in high risk level. This is because the national pension asset portfolio does not hedge the variability of the national pension liabilities. This study shows that if two kinds of long-term national housing bonds are included in the current national pension asset portfolio, the hedging effectiveness of the national pension asset portfolio against the national pension liabilities is enhanced significantly.","국민연금부채, 부채벤치마크, 전략적 자산배분수익률, 가입자, 수급자, National Pension Fund Liability, Liability benchmark index, strategic asset allocation profitability, pension participants, pension beneficiaries",199 ~ 226,http://kiss.kstudy.com/search/detail_page.asp?key=3130165
46,50세 이후 창업한 중고령자의 창업 지속가능성 요인 분석,"정영순 ( Young Soon Chung ) , 박미현 ( Mee Hyun Park )",한국사회보장학회,사회보장연구,29,1,2013,1225-5866,"본 연구에서는 50세 이후 창업한 중고령자를 비농림어업과 농림어업 부문으로 구분하여 창업 이후 생존율 추이와 창업 지속가능성에 영향을 미치는 요인을 분석하였다. 생존율 추이 분석결과, 비농림어업 부문의 창업 생존기간이 16년(중위수 13년)으로 농림어업부문 24년(중위수 24년)에 비해 훨씬 짧은 것으로 나타났다. 콕스 비례적 위험회귀모형 분석결과, 창업시 연령과 사업체 자산이 비농림어업 부문과 농림어업 부문에 공통적으로 영향을 미치는 예측변인인 것으로 확인되었다. 그 외의 예측변인들은 부문 간 차이를 보여, 비농림어업 부문에서는 현업종과의 동일성, 연금보유, 업종이, 농림어업 부문에서는 성별, 창업직전 취업형태가 창업 지속가능성에 영향을 미치는 예측변인으로 밝혀졌다. 이러한 연구결과는 중고령 창업지속을 위해서는 공통적인 지원전략과 산업부문별로 차별화 된 지원전략이 병행되어야 효과적임을 시사해주는 것이다.","This study analyzes the survival rate after start-ups and the predictors of self-employment survival probability, separately for non agriculture- forestry-fishery sectors and agriculture-forestry-fishery sectors. When analyzing survival rate, the mean self-employment duration for those in the non agriculture-forestry-fishery sectors is 16 years(median 13 years), which is quite shorter than 24 years(median 24 years) for those in the agriculture-forestry-fishery sectors. The results of Cox Proportional Hazards regression confirmed that age at starting self-employment and business assets are strong predictors which influence survival probability of both sectors. But other factors affecting the survival probability were different between two sectors. The factors affecting the survival probability for non agriculture-forestry-fishery were prior experience in the same industry, pension, industry, and the factors affecting the survival probability for agriculture-forestry-fishery sectors were sex, work type prior to start-up. This suggests that it is more effective to combine common support strategies and different support strategies depending on non agriculture-forestry-fishery and agriculture-forestry-fishery sectors.","50세 이후 중고령 창업, 생존율 추이, 창업 지속가능성, 비농림어업, 농림어업, startups of self-employment at older ages, survival pattern, survival probability, agriculture-forestry- fishery sectors, agriculture-forestry-fishery",227 ~ 254,http://kiss.kstudy.com/search/detail_page.asp?key=3130166
